avg_key_hold,typing_speed,mouse_speed,click_rate,session_duration,fraud
0.07311371813953134,3.860701994333846,69.66173280957402,1.4060669335064155,6.833148213046256,0
0.1774764025774638,3.492952337997002,144.49081489694944,0.5004970313506447,7.077715950671369,0
0.1339197791366357,4.079061505057142,89.57924021575434,0.8289170365782264,6.823835000423591,0
0.15080970311532105,5.164429223994337,197.80849973558372,0.3112995143489051,8.383070403358314,0
0.130563310696168,5.421655387846418,103.47360203777379,1.3058957907872863,8.48354190528759,0
0.17028707160011675,2.874586035469985,140.18615587345732,0.23064713918640756,8.850387498510178,0
0.20165168411380588,3.4577913873122315,216.63056086872126,0.5673701323567037,9.053412668968631,0
0.12665345062098804,2.694875001197146,72.0710389273932,1.1009681616385094,8.42770464761978,0
0.2108034464060189,5.380324204734707,196.2373743174722,0.680400895701182,8.222884800059068,0
0.06711193063380388,4.946503441865659,125.54088009345885,0.7485144259582708,4.476478781795402,0
0.050941955006903045,4.559704872570894,160.39599586960048,0.7273299995680145,6.662368922227196,0
0.03676528592562679,4.17079839361746,73.37963655528507,0.5048090654777249,6.33988660635082,0
0.1467289584343341,0.9088437127283213,133.79928491661835,0.9223805245783473,4.942367303641348,1
0.08142408061812836,4.102252915918172,123.00258082704924,1.4788379309715465,7.480549664533528,0
0.1562494158187947,4.92553390658898,106.445817632788,0.3790370154666447,8.111862991235187,0
0.18056672794141296,2.624408621190254,177.17575941047573,1.5363370027578758,8.523199455640643,0
0.18959460420413024,2.372391398325239,142.2983332574043,1.3982197459426118,10.193890018865716,0
0.2349055251623945,3.320201050466887,300.4573567772976,1.8423954500974578,8.996098272053958,1
0.15106950997521687,3.5688800118602217,224.11161794011724,1.4524628574972227,6.302255939198809,0
0.1678267778636184,5.4649047797527475,185.9191212843225,1.0884412791524256,8.052405864050874,0
0.21167938304030154,3.265916036115845,88.11433414325782,0.023532584579204263,8.221493794398146,0
0.19862840870219994,3.272928920057919,50.700720389703235,0.08898965713435292,9.315022043326495,0
0.19594561064811936,5.95092847725976,125.00813791743707,0.29628613809055426,6.670440469609293,0
0.14092060998824152,4.730594794591149,162.85248178901767,1.0455177345344802,9.320933715609904,0
0.19976778035795323,3.024864180956926,217.81608148312546,1.8055872735255019,11.559749856399257,0
0.09942800150689712,3.2426490944016058,158.91711120772948,0.3767150087479515,8.28092498021103,0
0.07259841075914245,3.7691064469925575,54.9713149362763,0.18615135438432728,8.402970260845052,0
0.21369194436727207,3.8418420497008428,165.99537223233125,1.7808325288350182,9.853231797919129,0
0.08745912067379838,4.036908553239398,88.27749888308423,2.1420295605968014,7.0035093356439715,0
0.11034534701170554,1.1585418300948014,116.68450890292485,1.1859871277730598,8.194650188522834,1
0.16020422923173527,2.9199063110910837,182.79910215832078,1.1566004563134114,8.197177980478003,0
0.17281815031220912,5.358495430177738,118.68865244758803,0.9768364108163063,9.176485301641165,0
0.1140868817846934,3.8853810112142035,146.04020282078577,0.8110217110607708,12.20707140679216,0
0.05015401417754134,3.5280996587859796,140.53346683241213,0.6075580192221655,7.442986817282659,0
0.11602718541060555,3.889467850282976,140.11330773730046,0.803996640274595,10.215385979594242,0
0.10355702869295275,3.552819028818963,172.0662157161114,1.4166792530826864,3.069319148395887,0
0.1804052356129457,4.754786187839826,191.7716728166524,1.0794307992309577,8.058189310966123,0
0.11393946226691522,2.2674170390544726,136.43573587116387,0.7644732014188562,7.51142557005034,0
0.14553323457206335,4.40224379318523,173.15038626511424,1.5138499636990776,8.898852204938985,0
0.12764865292947553,3.9907866164478105,118.03538616318417,0.9470426781376886,6.638038759992155,0
0.16689761217983087,5.6595142416606095,96.76427792881395,0.8644483142220805,6.247541502484818,0
0.13240871285071595,5.113078593735656,50.974168101617394,1.4768920074007976,8.463691134381163,0
0.09876806550801226,3.553652415949732,178.1090148227779,0.6078405288923353,9.873973872850975,0
0.17132969241131535,2.0561275235336662,184.98823489287935,1.239293946338757,5.87685728202152,0
0.18186675465409335,3.578231552630731,160.45028767638433,0.6827838166578164,7.2940611207269015,0
0.15662914621479848,5.219344355898716,164.5888801270377,1.2800625822499148,8.013962707755173,0
0.1311362060335074,3.230199335854345,144.2282142629677,0.8837691616718215,8.887500547532602,0
0.13801765592482557,2.7924867187997684,172.64156040615867,0.9874005545358941,10.78499182585362,0
0.13977894972079552,2.870367697634372,122.51093844117835,1.8337335231535437,8.057208703197885,0
0.1583754211974216,3.138190582893773,103.85449299081188,1.5985392324670804,8.639989273935411,0
0.0634146069077893,3.2741368816790697,258.12088436267817,1.4595753141917953,4.955945253984673,0
0.1426737382853905,4.057664222128673,179.64834591026198,1.2058037853313435,10.804178251935443,0
0.2628189464685556,4.372824416396334,69.42695705437292,1.7493228656870279,6.4032978926987205,0
0.14741479596501206,3.8494343745594035,156.37240632626884,1.173799913375868,8.375754109625639,0
0.17208820647389347,4.082926871992608,271.942735651662,0.8946009996687676,4.313819071112611,0
0.1320305915629079,3.9582101825156024,111.90541215289025,0.6546106114675038,7.93640626238821,0
0.2190783190938725,6.051105106574001,187.90992834539273,0.9145392769698564,4.09606743619668,0
0.17615097168484883,3.7530356104143356,158.1717681191413,0.6856269596084907,6.6185856767209685,0
0.11391025088431073,2.952455963432988,-24.492249634249873,1.744795965164585,7.720746453596778,0
0.15769380342374537,1.755472412815589,55.11371350901429,0.5865004558798359,7.959233786992854,1
0.16180453528231192,4.96236922443976,168.28597136617182,1.374289894589158,7.530574150264233,0
0.09327712793115356,5.412117768116733,39.50295309404457,0.6080934826984397,5.495821752513743,0
0.20679274785641372,2.1495015545720166,180.36467810878017,1.03123075019975,5.729449920971248,0
0.19278193994317458,3.1762646854915353,174.0357905218109,1.0359599225083698,8.867067215269236,0
0.09392473065366308,5.981004360395043,224.15223582727134,0.6788127878031376,7.911252955314026,0
0.18075830231357162,5.500289125539356,91.49839828400596,1.3047833339941466,10.539191065341225,0
0.15073101753714066,3.9143867484905095,106.20418329788615,1.1275115591441318,5.626055281989878,0
0.12271521824053636,4.485782735570181,-11.415060602739402,1.2771077738432026,9.591011906843079,0
0.10757679554144664,4.348728730460632,131.93088524755765,1.0286663030097989,9.663086224806609,0
0.14904579902148937,4.2947507016436095,180.776119898748,0.33379858945417695,6.5680251728505645,0
0.09516604243483032,4.117461291248002,242.58409543428678,1.645245181858665,5.710579613029497,0
0.17485601961564923,4.562739703756109,91.5013486698475,0.9017968297477252,8.540849039378369,0
0.15999789185286617,2.4848574825541228,67.72089169956143,0.8288388339998675,7.253906363425506,0
0.084125876538226,3.865227182469565,122.43449159239631,0.4942171975341808,8.761805949028112,0
0.1636132679895978,3.724195683224635,136.8424403040042,0.6300676199952147,9.758431167953782,0
0.17318636670998708,2.4598031131023106,226.52545237315712,-0.021528516037107703,4.271139920165261,0
0.0673874715658258,3.0628877595940134,143.37008417894836,0.9494499097178803,7.859296758826727,0
0.16487506236657648,5.563018272207856,84.63709231781925,0.6656531984141492,6.389014966319308,0
0.21678573777560678,4.597892173734193,197.25734221879574,0.8910755606458507,7.43092243702928,0
0.10353306600327654,4.090603689373132,123.70143844856051,1.766643580686863,9.05186416902883,0
0.17722164922438755,6.841518030384272,59.18491715995992,0.16922797523595823,7.158873197033381,0
0.10623231239161729,4.127028735079865,86.72779672591498,0.23910928217800798,6.178969311438522,0
0.17587545498733217,3.887542677495551,162.82176009159556,0.9457181655815338,5.682527657023041,0
0.22978771755100297,2.390699692565925,157.13027293299464,1.9154619371802055,5.794140990657331,0
0.1747288503773728,3.7825633534774528,236.8684523545545,0.4756969749587966,8.490016205508399,0
0.189036519579969,2.7680264199750546,176.4522091843441,0.5183725032167643,8.320925577226438,0
0.12179945620576998,2.1404199609296004,132.97344036382464,1.4524228571522046,9.11534204586906,0
0.09195457809968816,2.4695294926438884,151.10074642129658,0.8553840159364842,9.967401875003821,0
0.19751532773892416,3.3265801299583364,168.7299058869162,1.0144822301076393,9.727183328557835,0
0.19935439734345747,3.5134745965702576,96.66650672860501,1.6132761244594722,8.817248810799272,0
0.1448856736170697,2.9741356722958754,132.22646097821308,0.7279090808961091,9.481988413201815,0
0.21252545966145978,4.200344356619804,108.336450459543,0.31571930792866953,7.417469938923501,0
0.16822610387786824,4.176291400165807,143.64712459183238,0.4299602799351685,7.176922753426652,0
0.1975571804436635,2.5004908587705827,119.5424806203523,1.3694060109004313,9.732949208565488,0
0.15759528721978136,3.2028493176515345,245.4542636199161,1.1862298337168986,9.783792892359251,0
0.1642594872004195,5.353105759101893,108.66237258539533,1.1210702878906493,6.443168453736425,0
0.13414886673969237,3.722150493161943,121.36421443696824,0.6061386988884687,7.83711745783162,0
0.0892377802858492,3.6152930130095458,219.45034713710936,1.2945881046993726,6.782140560519098,0
0.15348066270784974,3.4515370404948316,264.47541151772265,0.4580299175851186,8.290705338593058,0
0.24038551970802385,4.432701837914177,143.62993636700833,1.1365755221450202,8.161682875157089,0
0.16578101937764983,3.8716369160664583,183.19346630844572,2.1089438115520256,9.76133603851386,0
0.13214961973687794,3.950129688409771,65.93680499867422,0.1323402564162227,8.011094375420512,0
0.09910146866986358,5.037509543996329,62.93149927723441,1.195635095259033,9.818751449178805,0
0.11965375943849427,4.063065867219561,239.1520045421804,0.15776340660545507,8.802103226606423,0
0.18629687365317643,4.506123490687031,81.91517035395816,0.5387615267413695,10.7891817899187,0
0.13480291112666312,2.9318538803231244,147.4268011950498,0.9286495489632888,8.800442234490182,0
0.1182236691043564,3.8811958592097344,133.2811063664364,1.3700019563373667,8.457891904614876,0
0.21281451496898207,3.901005376869177,97.86850687765178,1.2698377573263913,7.535196565599199,0
0.18056323881421862,4.778659448520482,253.47206689151776,1.2114721626460991,8.643450748656937,0
0.20153762539728123,3.1679163817429266,182.04053165839014,0.702773204288739,8.122709051184575,0
0.059591689743169335,3.6241906066855716,88.79252583883255,1.2078311754243662,10.990309093545402,0
0.15113699696894276,3.0619336191410795,208.23380664217532,1.0938861402510764,6.27507638252599,0
0.27370732336771336,4.541092907507568,169.6181721898473,1.2732410468903381,4.0585192045448295,0
0.10627897184207369,2.3543184022170682,154.28485882973462,-0.03670491336875781,8.488263409629678,0
0.1374820271814386,3.756688185428707,89.71042283851352,1.0591030690790026,8.90071951141938,0
0.08373099853929483,3.1420491392916094,238.415613557077,0.06947803179297196,6.9172599936421655,0
0.13172764023520633,4.267002424812195,206.8386739174813,1.4788221927907539,8.745200885040276,0
0.1925044358697155,4.200967828976193,140.7029205826119,1.250761747104646,6.372910924280701,0
0.22265526441716657,2.298006133073791,124.16439077718266,-0.4104293590074273,9.421332464533855,0
0.1780288147684764,5.005341168667189,133.74453907497713,0.5029458905905062,10.577445266417909,0
0.1425083763689936,4.673831224941754,173.464836389988,1.5549850913306293,6.074304375614588,0
0.07724232960317907,3.730639637262499,157.0584089438322,1.554473403153522,9.293016281007706,0
0.21659684587960254,3.7271150726094096,117.1305353930217,1.4968042129234738,6.739456666979578,0
0.12254669666716111,2.961063444896415,165.63811030462733,-0.1177614413142749,3.5970859645048145,0
0.18198281961106758,3.56549007848609,125.8816104482066,0.8264525846227252,8.587437342731667,0
0.09939080778429776,3.3554121225739477,173.45059647182913,1.3591145637906699,2.972311727025059,0
0.1467530402975553,3.4255262142881793,99.10952270017091,1.6546842006775906,6.049719265821028,0
0.08593050452683162,3.3410511646132215,113.93908887531305,1.7124894969232876,4.95678729605685,0
0.175337169997678,3.9812641069014885,145.66188919020732,1.2815906158399033,6.435791277399918,0
0.12474076197766536,3.8504436594085063,164.8052684883537,1.3748981523880728,6.010750021929738,0
0.08941769191459349,2.7346788905962782,232.42929899847869,0.41033833521886187,8.299273548844912,0
0.09559539070723463,3.571554949314182,65.89822905294783,0.5666956976936766,7.0567190610900745,0
0.14183259683768745,2.6404084704114075,98.58032159073807,1.9491916935403384,8.506711495673256,0
0.14817183078496765,4.251423039450534,191.14206820567006,0.8985170978287297,7.089782195178083,0
0.1645056422879752,4.230905209831236,124.60000796119613,0.9857946431026602,7.400963902860389,0
0.20282799598447668,4.616433775418825,196.64609991708397,1.3058535949383279,5.908930957535839,0
0.1845905338855975,4.831358706854003,138.2930661020917,1.153961004843035,9.912087864485382,0
0.1200776960163495,3.868946619726404,167.50361911505337,0.2808551948921454,6.677921524265256,0
0.149643046921925,3.8061734483206973,131.24008030647823,1.3146808414166413,9.84323510365479,0
0.15590169836498527,4.437448464421499,203.94252614283653,0.3710963382874397,7.4530046301688095,0
0.2189020641722188,6.512415790144484,200.17103682777167,1.5705518875619398,5.163110899240671,0
0.09636955372866937,3.803942040100833,168.60801224648233,0.5285773209369566,10.010304533386654,0
0.1363798548969585,5.844632761591922,225.87181330700722,1.5810245557944338,6.3603667521037845,0
0.20129593207680938,4.69141090718513,121.35763429852116,0.8998335691824052,7.531548874173493,0
0.16575625072436825,5.223580214410016,198.87598687386065,1.8502872774894896,10.594628806416413,0
0.20760492426003418,5.198488698355495,19.77672811919095,0.08921323879881304,9.064483212802873,0
0.09371085147317883,5.83731533747942,142.60271145269456,0.7730700008996896,8.461916990185724,0
0.18920620958097586,4.568183395396007,165.5234288474679,0.7455809415596262,7.177793855303222,0
0.1903844365516223,3.6080503018056698,87.58606884196541,1.7607423573281427,6.4021093983249955,0
0.1369751215684191,4.462385746738079,123.9380152067734,0.847091852768501,8.60422530082545,0
0.13488182638605392,4.824875524640843,153.1331812787163,1.2145060460127406,7.662636151922968,0
0.05783512090752786,5.616967545429683,155.313750081348,0.6231360779754613,9.888288932036003,0
0.19788016399507508,2.9198368983258653,174.03999514516136,0.7612338623145554,7.511272701650395,0
0.16591928340546186,4.5074863803978324,115.05468591558787,0.8287127348583925,7.09099001598121,0
0.07698267333730145,2.739858498972519,256.58742984120516,0.9214479318073274,7.531406915611964,0
0.15117563895639274,1.9492189320374496,112.31626545640063,0.8345576468602769,4.297224845592934,1
0.13646336159982453,2.1769568498374343,121.20796924445023,0.22724353361681715,7.0726778422873435,0
0.1814577860963796,3.8879606641187503,137.38906201639335,0.8223063679727243,8.244280966234644,0
0.1621344206915177,4.171892289664819,88.74861063116205,1.7514267539212174,9.856074481630365,0
0.17457360816722434,5.103154673765831,136.9139817777716,0.975196997431272,9.2674807419162,0
0.14410345898315202,4.21265208713485,168.8084067426167,1.1081216330194243,5.17235520629672,0
0.18200779151075894,2.509216118809162,106.14390353044794,0.5721536935519953,10.614295087629305,0
0.06644150170055757,3.2939013313209085,80.88725223859696,1.131698389883983,7.410592914749833,0
0.16140177648569348,5.21082185570566,58.85603274834024,1.6527085405501931,10.643591782784307,0
0.13754926492727979,4.2456544306323,145.69598867212267,1.2343515597858232,6.128452578330119,0
0.16704251510224694,6.263061993637315,130.86522030601805,1.431433638838941,7.421381834987357,0
0.08361562480771738,4.104617626127583,151.49530920202253,0.7387962787587266,7.497817899253036,0
0.19063157445498596,4.258663545733699,205.90134404335834,1.9334545636790454,6.534213635452709,0
0.12370362066160523,3.2730127385352428,114.36997353667164,0.38975885591026815,9.400561624263554,0
0.1545969778442768,5.4873647921372,178.02500601763103,1.0506604851093753,8.026526798489035,0
0.10387922545340297,4.345439568139927,109.98012838807819,0.9921777583492617,8.535577031522463,0
0.10126666002133,4.772032814035876,154.86591184773337,1.6099395143315787,6.3541811313032035,0
0.16229310287211968,5.364109057875207,114.32871420127503,2.024480413829342,10.110740936433942,0
0.2795410257859812,5.617233383662842,159.45182188356506,0.8849228550945384,11.44473904937917,0
0.09347432041453554,3.298928919137233,135.066890897877,0.8219581095125005,8.27332218795742,0
0.13661712273622575,3.1690297158733403,157.16482164963622,0.5706389099892941,7.868968345073359,0
0.10326444873058627,4.727670083732674,135.30624895911976,1.5350030416495906,8.348927613408039,0
0.06183588223392111,3.24416060610592,169.9163455862057,1.3238899729097167,10.320964579043217,0
0.18327773428563324,4.228781170364331,105.29985655470182,1.4631267050734469,8.841866681113663,0
0.12355445796909892,3.5015297929883524,114.98187749503245,0.329801744220382,8.150270206754994,0
0.1799062728097728,4.268442766982843,162.78371610146843,1.3084247384488337,7.703192628337988,0
0.13990863636040768,3.814567780625769,104.5479073677163,0.7011878173101964,11.04067089958506,0
0.11234579907215446,3.8092289186722015,148.6045646801262,1.3311600217656052,7.858824906093541,0
0.0876896471554906,3.4796828079384947,216.80930950163068,2.0084522955610993,7.898258214036837,0
0.06627140923850734,4.847716362775489,190.07443531731138,0.21994763196875278,7.974979945992771,0
0.23797498192189437,3.5975488161989677,161.78761041414086,1.4506784184795827,7.265853796318071,0
0.125261830243799,4.271890371684199,156.5906147366098,1.1763040753073173,8.342451690835343,0
0.14846878468943686,3.123039390547224,244.94679073008285,1.0173683577724892,7.633184492813709,0
0.14884809965515608,3.1481404278184826,41.12874902296551,0.38646281953391504,9.93022960547448,0
0.1291026148196022,2.723656992766811,32.591809544854144,1.087780821623618,7.947094429111924,0
0.059621100528309184,2.873305553794938,194.81723008228113,1.1714460386190768,9.3702018560281,0
0.1263458040697953,4.21837454550574,155.04528611456945,0.667545284937386,9.726358544393795,0
0.17504366011795694,4.488276597753788,208.5473838474783,0.7919735771861092,7.720941290077689,0
0.1845337132368166,2.6522385580785466,141.66461812329726,1.172787589820577,5.157677595924964,0
0.07681593993686779,4.796627847104693,79.40948618632773,2.0857080827149668,8.47412302009414,0
0.15316395953490694,3.2163124604756557,71.2777743351773,1.4795504057184237,7.903751790838049,0
0.050844519719541376,4.7685206929421025,241.10895706505096,1.9567533888185555,5.981254630273957,0
0.21498543234896966,3.202055577082296,204.08990510827556,0.4202730052469609,9.079740827490742,0
0.16939266123285793,4.831829748835753,139.64130592702273,1.4335842019659828,3.744602726655395,0
0.2077224908976794,5.42291705946651,303.0031244321708,1.4299798242962352,8.621679201193713,1
0.13794149998605423,2.770995561668834,183.28746682630262,2.037256015683545,7.229377491230005,0
0.13493490215288312,3.4555157220771315,235.7184614426896,0.9179165109871292,8.06625552180115,0
0.14160612334130962,2.200768337487391,127.04008345954605,0.252315109367115,8.72556874061403,0
0.11986864912467178,4.379705926037245,118.79667210966404,0.9207578086717165,5.902401711477886,0
0.10307876716208422,3.527629963738716,133.95150160550136,0.375643976898145,8.859682419919228,0
0.14313989158299154,3.5677181344232833,146.1096528593221,0.6136375027652583,7.137523092054488,0
0.11999177471587524,4.137689690813478,177.4045966686612,0.6800141391521799,7.566818052371749,0
0.16755724256045143,4.419483655348547,247.52805691375255,1.237999957860592,10.70177444089925,0
0.1949907597837311,3.1333951733226266,113.54009308120456,1.031473828743041,10.278818904923842,0
0.09128594951516636,3.3133778054041336,129.43469287835043,1.549805581392841,10.035513641005476,0
0.21356700805658452,4.6271616267951945,134.6825955785749,0.6403631785389907,11.316548971723359,0
0.12284523590821139,2.4198189743003415,100.13696321086229,0.834057614202514,8.136266690913642,0
0.11033459294708908,3.5768313199432806,205.22464080665068,1.8887817925125112,10.87442805566463,0
0.1763318861686365,4.984481694724135,184.5215238848713,0.6229713142419755,8.999862079070418,0
0.09878823316789145,4.423093340167566,203.7551078830742,1.084213796475911,5.649469674527761,0
0.14673485522165283,5.066223856681162,105.27140156841206,0.5852006043019699,6.732781457271335,0
0.1444525920704337,4.757977758766713,225.88252338844842,0.7834381986820909,8.022760814021426,0
0.1489040438099025,2.6885739619829225,158.07569342726669,0.7545771131341638,8.821933660029007,0
0.005579519797301674,3.408684545595511,68.63324001844428,1.5470873095701911,9.090340695403686,0
0.09655786030946353,3.137575830706134,150.4448920432374,0.8706990397709249,9.648130005773158,0
0.19572055708371,4.389905410711659,37.45466165516554,0.7474675084955757,6.68259142126154,0
0.11015030417138784,4.103239030740105,135.07591664838992,0.8635370292341427,7.635495911722911,0
0.11981645672045312,3.454011567113257,88.35818627399235,1.3109251185169033,7.8407542271141075,0
0.1608918327317071,2.8302004691476155,160.68881787556185,0.557230530778566,8.41715737556597,0
0.0910395348015889,3.1460344603715398,83.82675900464625,1.2387025795990927,8.329221495286752,0
0.21242869916721452,4.796295251873649,123.34394332542661,1.6756490564872157,12.412763859895609,0
0.10183473661832056,4.756504150523531,119.18698014757234,0.9553355068685827,9.660980270121826,0
0.22846541456253694,5.437581949493131,109.53154996078513,0.10892432597568713,11.424089416819847,0
0.1530830066053948,3.503947487208377,123.5593818960605,0.7945569954915921,5.201558645997818,0
0.12274901769523729,2.8795035413175842,148.40751227827454,0.4645842670186838,10.374136777052001,0
0.18519718788050987,4.970987689116846,158.46099852878578,1.4524900721131784,3.9801729965575303,0
0.14236853826095908,3.749742903095004,117.45655559797011,1.6321630876202522,7.419747121092155,0
0.18378975185849336,4.139233101906474,184.14839630619497,1.927522639373154,8.874031341894137,0
0.1453341324462234,2.1490070553044403,133.1374599520124,1.2006921888729698,9.966844427767818,0
0.15846602642687868,3.237639364796636,128.24509198700284,1.667921669269655,6.680034416186114,0
0.2674326956944224,4.5600087909726135,101.4418847888173,2.0102534897566047,3.9338150226607587,0
0.19335277199248305,3.0610180522264194,142.34206546956554,0.6683034016723159,8.087239100007823,0
0.24691100814089798,3.272889641218444,139.8372126881304,0.5229086522673403,7.904628238348148,0
0.2113299768445404,2.5438249914167885,163.27071101490662,1.8901848019862175,7.3237026409970865,0
0.10172538526121677,3.8335676839030293,72.80685110029,1.8562965798650466,7.832844917625789,0
0.21796637261774426,3.976070619867633,161.66008875074664,0.5782387644767819,8.81877565639349,0
0.1369215945539522,1.918866159512591,206.95700596273036,1.337242438577381,10.401189145873513,1
0.051096057635373976,4.34946260468236,141.35590548960243,0.8977233777100215,5.428536001478969,0
0.12591122419348044,4.395954283657074,140.85712709523062,0.9603335061929595,6.375426441248321,0
0.24794133081586503,4.10410228618371,140.92054803002304,0.6086180906922809,9.63870988135182,0
0.17982548682648913,4.0099440299657205,137.37685377910137,1.2341981136132654,8.554514097421809,0
0.06610955761751283,2.754454690170977,148.05301891204732,0.3057998081707526,10.353827996906817,0
0.1656254647130132,3.9799702390885594,193.15365554133743,0.8609076357736007,8.430802554266299,0
0.17089284779157393,4.497506967504767,125.2631421207252,1.3859997876048058,5.94127598713298,0
0.11376062440309674,4.965952133062135,107.9072365378371,2.062332383364895,7.491334239651801,0
0.1253478976802728,3.858131826690795,119.31920301792421,0.6306909949978492,6.394365872173976,0
0.07580630063219816,4.467963124987412,147.33817015371037,1.5086075620692165,5.306037505015299,0
0.17481155474422302,2.9512902057640686,140.27387980835695,2.002763598743335,5.9747588908299445,0
0.20605281532127695,3.5606371048123258,166.29894668736253,1.7902134644480157,8.869531355935356,0
0.13214845296111855,5.521979977394091,192.90138618347154,0.7243959587250106,7.875286397272381,0
0.1753459809363337,4.075976645777049,121.71989498222248,1.376913965539697,9.79831659896255,0
0.19963254976140637,4.486506417056734,162.35463481318538,0.7021816116196617,4.546928687060266,0
0.0965773506505466,4.619271744090383,18.95532373156209,0.9335012275775586,5.517777935665748,0
0.154929423639775,5.03674534890739,97.26873698224806,0.22191602622098283,5.881997892284545,0
0.19548106287510397,2.8411600051146797,232.36243725190067,1.4046069340158203,8.716463772654754,0
0.11527291318731689,3.9161519029021528,71.4443016131365,0.3111465379625471,6.9098644129909035,0
0.19569446793587914,3.8054995585636218,183.5750170395297,1.3688260165435968,5.199051745532439,0
0.20811806455415366,2.874671401029863,186.738723537839,0.8528966714036483,8.808331301803829,0
0.11487370647787898,3.642524840583285,129.90812428922138,1.4206626755496943,9.444466518063514,0
0.11712337715717311,5.260407404598952,112.08347199133003,1.5354954581620053,6.956180116869393,0
0.16436641549004596,4.080872648785185,126.30554805824967,1.0868057304706222,8.851782559504349,0
0.1034770309460083,5.36062794670579,245.23057375660085,0.9399461597090479,13.332057174708215,0
0.10627385795230493,4.726971745458912,161.38429937697657,0.9036585500753389,5.141851171361318,0
0.15072226922155035,4.5685950334974805,159.50799217351718,1.2267689372401664,7.245894312138552,0
0.1996115639800912,3.3492230076599614,85.43882302771492,1.2910461015609833,7.394621686081301,0
0.07841123612652903,3.9153203170429003,197.63757070495637,1.1420476509852846,7.900508118634592,0
0.09871806160728921,4.782323522874871,63.53363526344431,-0.40904307956982366,8.368271891474448,0
0.08604461546275667,3.9896734720030698,145.92599183264397,0.9146821154063542,8.989233100110642,0
0.09307968749350805,4.726028854517121,127.20795976624768,0.271332829309024,8.769176929443754,0
0.10289079463325036,2.541095223968661,127.3561395350296,0.8401983749638138,10.254556994577365,0
0.1743794977993952,4.160914623889145,127.1567374747335,0.8552998906914051,5.726752279064106,0
0.1687707411733223,5.455128738346776,30.89426555602995,0.9974640825257949,11.193592831413168,0
0.05158626031440036,4.02959069219181,189.11008956903947,-0.339058381349824,6.854864303811455,0
0.13877472633129723,4.77471378567868,148.2669917526484,0.6444501147165007,10.263625290514128,0
0.14934667025212287,1.7059794729136315,228.24879959718132,2.0567918985313254,7.304096103244948,1
0.09515294057963453,3.582935938486211,148.20336593054094,0.7091579377334549,6.35081283612608,0
0.14212682972255453,5.499033058893245,188.44997531207773,1.0463688040247268,9.935727148482211,0
0.16549542923852947,2.703090626302601,178.10858514194786,0.4693453960568106,8.459435097362766,0
0.0858577865512361,4.048552216294953,71.08152199572486,0.07354004235167666,7.469302556910326,0
0.09209090992685864,3.537360097708585,79.98453635496794,1.2712708549574387,10.27336168882486,0
0.09105962664645058,3.0770411682445946,109.61105776245631,0.07065376414265401,5.038378984930133,0
0.13330732927611136,4.236519238672755,201.63203113056161,1.2123637898984192,7.42613117283338,0
0.15794165005112348,2.2361454230208837,186.1383760821131,1.123048309144102,6.032766905483996,0
0.11331509327319061,4.976348251018275,138.71819203186527,1.1512432681726,10.693954346626338,0
0.14313891917089294,3.4075590055466636,167.0441739346588,0.7800764964970733,8.243324318910428,0
0.2000547543156232,3.2647120302835964,139.09927150318612,0.12213085774208599,6.839304183152976,0
0.18456009574396604,4.459351779934109,160.90298126258037,1.1150526023170195,6.039752975163596,0
0.20568636411686456,6.437243821405716,169.7145084617608,1.0219846647556776,7.506216094667877,0
0.10305262770288723,3.828222657595783,196.056150820228,1.0583486993703375,4.053412632338658,0
0.15813533767723217,2.5114353911375966,104.72276574479366,0.6501995900617834,9.970773560643364,0
0.17371292612460992,5.251220234322683,157.0475342161327,1.2830796150989334,5.315695493760088,0
0.11237703155601614,2.339467026412308,176.800622961723,0.9652612086893093,7.121456577233706,0
0.10120731079107342,2.494041325804157,155.55640359818858,0.28450957927818277,6.774803939188734,0
0.17172249593263614,3.3109678446454915,179.47968037132532,1.0747799204110982,12.082767162221412,0
0.05864953672123678,3.9625571800471273,279.4008905253812,2.1361621659233236,10.86414780718974,0
0.17189204863659194,1.7881248687457227,87.85108033597805,1.211513695184925,7.9385285539147485,1
0.10140569022435131,3.7872816659217916,27.120971440445402,1.300029884785431,9.392734096644679,0
0.16265108432659653,5.432381143770536,214.95211940128797,1.1201403183989587,7.033630533848557,0
0.14003161388408558,1.094169304165085,166.12800802869148,0.5626249715432702,8.890876092025218,1
0.20936750924702763,4.993436137575835,98.70498369962604,-0.11138599401053817,7.7599760467817385,0
0.25304528479325067,3.928648754310265,144.9666459913312,1.2785054268976195,10.40891280494628,0
0.1120312252151707,3.2045183280450305,254.17061427688873,0.19993500892620475,9.597440054749226,0
0.09915631773976337,4.935398687133834,148.08687959178596,0.5351087560348182,8.531683048916044,0
0.1068412193655794,5.358743878631734,221.7365627322097,0.4447519962576594,9.310663160678091,0
0.16609669456536655,2.7957677474777647,112.57471736050164,1.2078809542732947,4.207489308672383,0
0.22586890694926431,4.673598846801187,75.68519436083646,1.1212328326037468,10.316303053437714,0
0.02664761766898084,5.034906037766226,151.3704592126723,1.4303391669827175,8.924118012021287,0
0.1667325803684584,3.0801355190147772,177.96085050773058,1.0357756611390385,7.50773778500678,0
0.21830755337628793,4.6844267491429505,226.0504070692042,1.320170528167016,8.842415924605081,0
0.1307466341142172,2.7817523956442987,120.01191287504861,0.37617491958507565,9.468696043127185,0
0.13049820088115033,3.7573020735898073,163.2033947820525,1.3607958352546414,6.1908289683412185,0
0.16358237240297815,3.599122023128292,143.2815147258508,0.39721956256022095,4.485471896565031,0
0.08332939865805125,3.4245286627295695,201.57366711117902,0.8121249488974096,7.707234166379084,0
0.19694216037876236,3.1389800586721526,173.22325971924997,0.8324474397312698,9.788546309063037,0
0.1313902493698856,4.3891594371404175,87.3305799645877,0.1643876708548514,8.287478466197932,0
0.07792756417552404,2.5040329830058607,185.4157422968929,1.2740348213225081,11.286753872347285,0
0.11034520293738459,4.07034071980829,95.85450430505834,1.852381984005266,10.042042429012685,0
0.1784746331488896,4.240416334528773,87.69466750448298,1.0775166678105372,7.907038486093464,0
0.12502204200999031,3.635185760445546,284.71289508799094,1.0682251964519693,8.70296783529093,0
0.19784754029666418,3.5308206813903467,163.06063235919848,0.35544235049784756,8.125306403293578,0
0.2044963133047312,4.7877764807377945,139.31450572832432,0.49173497804746735,8.539108548594433,0
0.14893550262293934,4.249151983199846,94.6559795632811,1.6920128456615688,6.940371298985073,0
0.24419359035893767,4.441457705411178,91.17091171148145,1.6230536696098272,7.601408912322496,0
0.12465435335213508,4.080265293215991,180.98949738059227,0.8841934938782398,7.08972702171813,0
0.13754013611275276,5.946000313853974,155.55191160737334,1.2274889801771183,7.390945326056617,0
0.17466898508631348,5.766547268139064,186.753267811573,1.5772652192385386,8.055055301769732,0
0.12526577314542423,4.319721375835087,136.92028202954626,0.7704351039674042,7.3810935428959565,0
0.078072932020893,4.263324169527357,159.39045752643867,0.3964319655906646,8.68315313643705,0
0.12984515899975962,4.795097314393887,186.77734872558997,1.713619308821795,7.879620851947909,0
0.25114684040228813,3.4777176387653164,223.85428999236925,1.008527168756918,7.142528604605907,0
0.20170849297219828,4.937699812196679,72.03069234922225,0.3363949395994169,10.473798936874168,0
0.03706190973352977,3.0798089450970387,171.58983465793585,0.32826340525367814,11.30038033729076,0
0.11307040332561233,4.95262901328943,168.23029641163555,1.0496669960038782,9.539435021272258,0
0.19459457379705408,3.034331210654069,188.19337487613035,0.87281444114848,7.934706744986972,0
0.18886213379293712,5.410336213772107,219.23422066214007,1.542563240743902,7.797881867147412,0
0.17227575421338398,4.29117810178068,229.4547485215376,0.2994477895920953,9.070473821438608,0
0.06643760354711523,2.990339417585033,100.76239144394448,0.8124108351471782,8.146092871076984,0
0.18255635618596017,4.67202652096628,171.6885500707503,0.7980895280155734,6.476765735406942,0
0.10886753201665458,3.9636971287998906,204.23998125036897,1.1534390885658075,8.249044570256615,0
0.19087121298151305,2.316685737965088,137.34828227817746,1.5004338278828717,8.319301811140477,0
0.19444980564998846,3.3095353878248277,174.55570091283408,0.010548803841688992,7.95911449637509,0
0.1214476629923413,4.569719910814292,175.6496073294749,1.1075219482208347,9.991747625797558,0
0.16035010018861126,3.9908684929246943,97.27279249554547,0.8038362917681047,4.74851393591689,0
0.1522480933859634,3.039569947517803,213.740879747562,0.5958945003008053,8.445668239070557,0
0.13230155246705444,4.449076746895789,191.45248579539256,1.0839403458482901,9.058184531997705,0
0.06683402543331009,3.901714320308027,161.71040573470543,1.206234700025135,7.293172840539612,0
0.1055139977810917,4.1666019800019205,159.79164657297213,1.048739878783083,5.409606882563475,0
0.1793309475498108,4.392366252610332,129.58150369737263,0.8045209446663943,8.666492723464636,0
0.12507117533765183,3.901223712311113,194.09947683557675,1.128427800990153,5.7791554051191625,0
0.1867116532200256,3.913303177329921,125.79092488276024,1.6023763849835508,10.903473467899108,0
0.13440811813881084,2.831530416081108,138.0029515851156,1.0464504213265298,6.432688171784136,0
0.15943039101654227,2.623939700954353,183.34897925391294,0.9407522302982055,7.733855199725704,0
0.10790444466817334,3.737529034787766,165.661683756177,1.7669086881948404,7.597004086485579,0
0.22363377994790828,3.3627606418418656,237.8354895417193,0.5358466428597441,7.362861333970455,0
0.18608069830294954,6.590997563436144,220.4022889482289,0.6259982565184896,9.77104056939599,0
0.13252966908759503,4.127478324697487,153.77875957361738,1.4368371314640824,12.97063886671385,0
0.23834371964577744,5.086968189728415,126.99790492710774,1.3171565134909695,6.836543262540247,0
0.1782510091269098,3.603626905366327,125.35001269013017,1.0863416021804595,8.984584315825787,0
0.10682130479900737,4.651447127900596,283.82923722908663,0.3674031863896263,8.863902333624258,0
0.16992895161218935,2.985709178956173,161.95170131446392,0.18829282068617448,12.072162927267492,0
0.1605768932778792,3.497375502658624,129.84959075893508,1.242027790892516,8.210235544470121,0
0.18515926614984235,5.539918556160506,68.1295896497725,0.7477733025037128,8.749376924708969,0
0.17403240293614064,2.218035340639682,46.22019747178766,1.6036012853438515,7.3109837417325085,0
0.15727256661804379,2.7332406834142065,192.99552383476419,1.8965539070573922,7.645774933330585,0
0.08644002799677153,2.1586162606823764,139.56627366306893,-0.016406683540608702,8.14481602646458,0
0.12813128029611898,3.560091572410184,270.9843501863604,1.3105188837911086,10.096665837421654,0
0.14899562276341582,3.2310223292187064,119.98208722652387,0.5950771288783339,10.412359587353023,0
0.11818259825841637,3.806025860934162,81.58316208144613,0.826395956492138,7.261548041121573,0
0.2271170636951167,5.350388743849177,238.8121454338994,0.8630192198358755,8.456275110697892,0
0.1490105181652033,3.0878539566744996,75.19645461156597,-0.0008143674626994724,9.364019582321433,0
0.19093452249945286,4.091147030575536,23.819428969129916,0.8717905901134947,11.199879343916642,0
0.10986504604935218,4.2392432594089975,76.80568265847225,1.191218554472202,7.336842119117119,0
0.1816981167404786,3.3162646694299545,110.38062349699379,0.7443548686388459,10.668259411203737,0
0.13199173724077873,2.5345678843516537,214.36358200093125,1.5441262779694795,10.359752339198668,0
0.15923946899313204,5.403305404348032,205.23981619325397,1.6910361063183275,11.485172443899057,0
0.14739252419735022,4.766507931053954,162.84319274252394,1.3697720296542308,7.061939664282879,0
0.16488477073412705,3.9858618824832486,185.86458361148425,2.0647633813057067,6.426488038215306,0
0.09304543489150824,4.440225919065636,148.390882615754,0.8651277843742053,8.686518211255235,0
0.13078023948420536,3.8017648555340275,106.76756670406542,1.3244426033088517,8.501750611630511,0
0.05419466088534815,3.8903144527601934,105.13395203530754,1.6985377767927763,6.443791787434984,0
0.16781298172997408,3.740252592888943,194.53282810036023,0.4632673798311492,7.499907599579189,0
0.16574884185618768,3.5231074698748897,213.3122957640638,2.025424874852229,2.5083249907251517,0
0.09124317966087261,3.5020036386119195,150.6941081595024,1.0171228081873407,4.897993385778739,0
0.08098843525645875,4.338003464447605,177.12789007141046,0.94847458831264,10.527043906691379,0
0.14789291333061316,5.156148591605895,162.15883695552702,1.0157892260544956,9.285839398396249,0
0.2235414301740691,4.964148913122246,156.20681410205415,0.5579387577438651,9.951558010403165,0
0.17151918950958217,4.077583942797257,132.3672234654971,0.35179854640610275,8.276041062865172,0
0.18605312119153533,3.368923304822211,202.85561211466722,1.2961717344204833,9.065243733141683,0
0.14086177012759582,2.304267451817736,184.48281334167862,1.5891963593499272,8.503331129171778,0
0.11486215224565885,5.701544755451243,243.11347932701685,1.0534714178375117,8.417921912959148,0
0.14056261987300725,3.032806948596751,130.61203316167175,0.7235803186879812,11.585121101964386,0
0.1252193711372593,3.1825856768635257,66.33842253402621,1.2680031842754012,9.098211641460946,0
0.14153660173321045,4.236038700382972,85.0554402591443,0.3418615207732081,10.166335604811302,0
0.06656447086718056,3.7430578967017074,174.36158723854817,2.8375840398803733,6.031016602066153,0
0.25425224026279913,4.185539301527174,240.2231916306893,0.6339675474145452,8.462962284521815,0
0.1494551590458442,3.657100071853481,159.51182994987656,1.8922219832365736,4.066050581978734,0
0.11450150668594619,2.8862629522840084,161.0862004904388,0.33698105006612034,9.588309958648791,0
0.2107172217286582,4.252963497562506,152.03922868551948,1.1658091620484647,8.226510689806162,0
0.1857373260536506,2.2445983386452317,140.2080123958318,1.3952511263053848,7.823756038495997,0
0.1710202997287208,4.660276078375575,144.0326090922933,0.6058806693506233,8.466095128650153,0
0.17645439713518082,2.6492396574120702,100.9288678914392,0.966706089366215,6.7006659890579625,0
0.15381973526351983,2.540381727550588,145.60216746347106,1.5342792641510388,8.621605544449055,0
0.0975906463973979,5.619214749718116,215.24513333403993,0.7971475719185168,8.456395964134112,0
0.05905073455939573,4.781550640341798,107.01066912702541,0.1795707323073492,8.163948168312675,0
0.18830090865736218,4.5278833328277965,127.05264000109186,0.6026724376864638,7.366809440425143,0
0.1176820457527602,4.815384083729106,141.7247907995771,1.6866349228224755,10.474997756950478,0
0.1354447440213778,4.431454576484371,159.2081856184397,0.08122368999518936,7.233138829597316,0
0.1194235168683383,4.533667531657532,88.32524477240128,0.9382226053503016,11.307852574455607,0
0.19510564809318734,4.645546321560456,167.18914463488463,0.6980566640137653,8.853967017118723,0
0.12463997167763696,3.718146779027446,170.95369959666598,1.1731312428101976,7.442148642975607,0
0.25092240870909516,4.312118140947569,225.64013506668826,1.6318303212205523,11.196524832282833,0
0.129601558133898,3.5730979626057113,73.26939132154439,1.4539073149495183,4.761661663885679,0
0.25055250412446384,4.097232830877082,96.07665048394198,0.2177461408950203,7.5933374985278475,0
0.15708457289247627,2.8401590316758334,132.7782885852513,1.3283806157774256,5.067671125414867,0
0.18258128840493296,3.7059784490654915,34.27217449082802,1.3953279812585964,8.544420420032488,0
0.043441758627133495,5.196173438095809,185.52428049869016,1.2509240571376519,7.273159790742307,0
0.1494496494921447,4.843192959576433,199.87562420009704,1.2272959570337827,9.857595864271293,0
0.1450057407109765,3.528729267799182,51.93959570086626,1.0861318163739642,8.040125775704539,0
0.13901886447016465,4.26388366768085,141.57708311562726,1.066687417471949,6.880159088923382,0
0.2146825220830943,3.2913786990469722,155.4749299805534,0.8569955551886017,8.136053997272159,0
0.19501419017725716,4.077910994160548,149.24901819824416,0.5728754240191648,8.256751785368895,0
0.1816548177296383,6.10979153024807,108.853568093549,1.3487990489111543,5.869622334450118,0
0.13952742150060157,3.9189207941760755,107.78012864182011,1.3362617281388038,9.051361807105629,0
0.18362217949292312,4.841171736841996,132.20383243724999,0.8846273850867754,10.038557397644084,0
0.15484808696577468,4.218445608674473,166.51457067237178,0.6537205066374321,10.353436429876922,0
0.1540554991595177,3.2741283770967784,203.80983213145623,0.9831156438192888,7.9716514633958395,0
0.18028594072384518,4.075122245400315,156.42297339372038,1.380702267256411,11.2148416854234,0
0.18239941527032133,4.0122395923157015,65.65800140985654,0.34624921592972224,10.59093486898758,0
0.18332144231544073,4.473298567436929,150.14421208900356,1.911009221477344,9.159676763125901,0
0.18176215761934697,3.2314977360699717,175.8125205530965,1.4346542437038443,8.262619675439392,0
0.13525617106476243,5.395462321408284,145.74483589587288,1.4745559803694501,10.521277127638696,0
0.11837973827407638,2.3588712466146444,126.4661904656061,0.573326404726707,7.848336411659981,0
0.042785074667252024,3.9967505855916303,113.42539447520447,-0.10737512893415824,10.819299873975522,0
0.19286219785807765,4.922248098078919,212.1959276806025,0.7208867651699293,6.480429902470379,0
0.1712042411227082,4.995781443178782,83.29402380711744,1.2998264153154726,4.799631580184723,0
0.08317777370042688,5.019310102102011,114.3619993482375,0.646118011653884,5.236497499933172,0
0.18600302078423758,3.4642004162698243,103.58625434462317,1.8867144715208872,10.155447734364698,0
0.13686347911479713,3.954658210724843,194.12615444225858,1.113419330044136,8.622938663494745,0
0.08212742818199818,3.390571991224067,223.4055538965323,0.6535156205766331,8.359101958246486,0
0.17400489367432084,2.6776171468487853,219.5675509367935,0.7937089110057285,3.54936909630596,0
0.185191889201617,2.128562016608627,151.08367431459297,1.282481312096017,7.262644197285934,0
0.09962874540324153,3.3963753275069988,120.30873527821458,0.44300626599581694,8.207447373077843,0
0.09027852927162847,4.591333075441084,153.51913992656586,1.0959748863314502,4.477888317402324,0
0.2042734538990023,3.7550682245962848,178.60862655935108,1.551437488692276,8.413166281809529,0
0.12740715608233688,4.293690675596146,205.57272521942437,1.5553202744757162,9.988772678704835,0
0.14528662606827636,4.647718118531988,89.88921452865037,1.5649400908737374,8.898208890950686,0
0.15652798228698186,4.985158667235661,126.88112546934563,0.7654545329576261,8.607648941892155,0
0.1069325819836408,4.78191269306013,167.114628726848,0.46316929471994905,7.801264521461394,0
0.22035562613687376,3.8101364364766623,127.05310611520179,0.6745252591511834,6.983182790844989,0
0.08495813379538152,4.530368265593564,83.0741574647791,1.0300985158819524,8.405868878426059,0
0.19161079415474958,3.0145535604073395,207.20314468153276,2.0080873722163215,6.518317534503373,0
0.13840504446599808,6.357258711719903,214.90830546179853,1.277607899651079,11.018943888215038,0
0.07145518911800353,2.6147176795843627,135.5978250011537,1.7672866784947692,4.504038110006659,0
0.10191586275959408,3.8244247793007755,129.82918377165953,1.0169583018978472,9.59311771683552,0
0.17473201255113505,4.440831271406368,194.26865997610557,1.0161166664698955,7.015109608790145,0
0.1328266857986938,3.9386536791189033,148.20821083410576,1.8221932603326958,6.533676930962129,0
0.14246533353337854,4.5711677725294475,172.91675921921234,1.2453729435014094,8.722246729335234,0
0.14823929089857923,5.081941177650404,106.62349867935916,-0.08034962630355169,6.786550488705692,0
0.16412140325747165,1.9645208734234139,210.2343442682573,0.47384099749552644,3.9553323979817963,1
0.24375421710205347,4.0720221456571375,158.25547820044676,1.495349137001553,10.236445700783372,0
0.1454657066326918,2.9619491257825805,135.0687339782943,1.0952326130777077,10.286656632620124,0
0.07087043292319548,4.7638134874119356,220.7162341717562,0.6082717614757789,8.640109977254317,0
0.20090247387815696,5.374218089940808,216.09847603077236,0.36693866102352546,8.69989410430391,0
0.2167693986661627,5.824961595399802,26.571925148722443,0.5128942388968882,8.735942433214813,0
0.2146264695961999,2.8407360104408523,137.67946600037112,1.5176047962766033,8.80580073433224,0
0.1594590140688009,4.262847658700536,167.9473465763622,0.41241298763108303,5.951522510767135,0
0.15306516176007579,4.5285476467893035,163.7173132387838,1.7188971708896135,7.338974002848876,0
0.15804074962719622,5.113838672133305,191.74916608044015,0.5352874545761721,8.24565336253992,0
0.17668897335448522,4.367291419256308,107.74977092477411,1.421856105401708,6.550022511018307,0
0.21225824121090153,5.492245785170674,135.98579474826803,0.09420876627353048,9.680295776555198,0
0.08573027051957852,4.293162966450603,173.9825803489989,1.1233828042887506,8.986067696263614,0
0.23075829308936818,3.6554624100752657,177.76688516935616,0.5751244391875541,8.987406689439634,0
0.14530020175853417,4.1861800873388075,164.5902811940682,0.7740097326094924,4.932000333688841,0
0.16949617549364404,4.8164352386193094,201.3634611244317,0.5262949116959367,12.22887133542308,0
0.05146923780774253,3.143881525667112,151.85563204701583,1.500252099437425,6.998004525332485,0
0.1470157452211347,4.9805762343650954,168.3563786207005,1.4474961045804697,11.436574781382408,0
0.13956248378064337,4.9609800256851795,168.53679878676132,1.8064179192192702,4.867869521145425,0
0.16033643136011982,3.684782388517895,175.55196512631528,1.9303213536841555,7.327403312973715,0
0.07347546043832325,3.0710693166378915,210.5107481331836,0.8719434189620612,9.799558103921028,0
0.06683509023665941,5.273280869955974,143.25359075191506,0.8512916619628377,7.667602813020172,0
0.061446674809311416,3.4769663750456745,147.0586889130047,0.964929994755897,6.541293941018507,0
0.08166415029406134,4.942087746559444,132.5649256649323,1.2295115731972464,8.899887666064007,0
0.21261503530957415,6.296827843223092,91.62386130483134,1.6436977851534262,9.968233054321333,0
0.18853492036432576,3.9319025566907606,130.06877941898853,0.9467021637867695,3.6035020121638555,0
0.1642646981182861,5.266494847741194,90.91040911865673,1.3310172087290335,6.124145378552514,0
0.27659328844964104,4.826119738370215,129.3676410890953,1.2083921277375902,8.488389565399261,0
0.04547912297690658,3.341160883343865,102.20650154631903,0.2021265835741397,8.691318284270388,0
0.17768866160709626,4.7411582037968465,158.7410337110097,0.5722385981889901,9.831883018061733,0
0.061828238626549514,3.18667585882527,151.252281345003,1.170567611071539,6.332695471288482,0
0.2393916631721796,3.927561783017411,144.7384541450768,1.230490751933674,13.793257438074766,0
0.09860607494960164,4.20161225664563,144.23907792056997,1.287529553625004,5.860890073611966,0
0.15967735752287748,2.535712564391867,128.69626738965974,0.48189869136460883,11.161415465407199,0
0.18991732365601025,4.413270881403383,104.49467625388574,0.26494442733596035,7.75666680404531,0
0.14632321703953405,2.9552434441683997,77.44897429385112,0.48670449849941677,4.1316467967916815,0
0.18267162308147175,3.330056977825933,169.9014873681537,0.5245438473418816,6.119453333544099,0
0.22354355496999267,4.042694619227861,215.22310824544482,1.5192879615308397,9.235770514236627,0
0.11145500222962558,3.459987768601377,123.95129841563767,1.226250296657025,5.69490891334416,0
0.1495601062600145,4.087132677983438,273.4722398132269,1.5749515307269228,8.640181660284115,0
0.14212649615097375,5.189030504005573,179.26844771715827,0.5277984237120332,8.222209030283395,0
0.15994687498390586,4.6941206352360965,135.1376472881378,1.2507396193996394,9.269175564911098,0
0.03526945587860417,2.835980124241228,159.71506017958865,0.5228476636831736,8.05896350970002,0
0.1909822363147944,3.7905350614701696,132.25562922391907,0.6099811628377008,10.133454360674143,0
0.1492019681747585,3.8812901444990704,180.44465226791266,0.3381529353454309,8.968127599374498,0
0.10380879200017659,2.2302055222014263,147.5364079310832,0.6640941138312808,10.132641382791455,0
0.15648138290780159,3.9714086345031046,194.3170998964616,0.39355424791292204,11.434265981709167,0
0.11312094030800854,3.4152282947461776,89.91110066583312,1.5401607098496708,9.797346641029607,0
0.1662673484775468,4.088021790861746,187.32180535526322,1.0718879468890044,6.575058396287111,0
0.11114902052610814,4.388383446849411,192.1201739843102,1.7133395348128608,9.106273961036027,0
0.2499408880006383,3.018799334597069,82.7285121127833,1.0204614648667125,10.94533315534701,0
0.09564987456533294,6.1107040879769405,214.41169478127432,1.0529130840418943,9.83342993471918,0
0.19864573323139528,2.7950179432923106,82.08681961581357,1.126221530667769,8.352753261050397,0
0.11799647856654982,6.272687902263516,97.28678003437878,1.1618872974350585,3.894658265221601,0
0.20864933538191027,5.175264912976131,203.96930409810886,0.703839047377345,6.450949206849143,0
0.1322375637628144,4.115635699356473,144.12703472551829,1.0186771657882934,12.952869378132695,0
0.0878630177508277,4.407178625344063,117.37962178473995,0.4085471865754208,6.028733518413779,0
0.08761581117321693,3.6429508108968003,210.2271978463085,1.8252318340416323,9.15339296856398,0
0.13424624610153366,3.372277066911998,156.29653651471727,0.4834720124847467,9.850627421334266,0
0.12231117469178625,6.309796360441634,234.9263499139205,1.4153148200561567,8.479745090470098,0
0.15663444849612176,2.7445819673029854,87.95032578269259,0.8976171967273283,9.211581318587951,0
0.11810996831073842,4.506935531818362,151.4301075465579,1.0268117968831674,7.250292889405657,0
0.1954920626681632,2.634134709780519,184.08428637080053,1.0932544634322277,8.97814847921441,0
0.20414897454146272,5.1843117508552545,103.51792846222239,0.4071707380357251,10.457112171925106,0
0.20802490798680462,4.8766495712834095,194.3335770454887,0.18912084849035327,4.208963210448887,0
0.12782879434670735,5.496617029293354,121.29002509897195,2.46596360753991,3.8393351992678886,0
0.10596070323179971,4.096500700393977,154.38987034802219,0.8631432579174924,4.557354706178389,0
0.19600151302309246,4.647060176020537,136.16369546756388,1.2793971600732506,12.136267695404037,0
0.17308726037320554,4.2270593136711865,199.99122356752395,1.499784061459551,10.643120394953415,0
0.0782904427499789,4.8981504139393035,74.97850076228796,0.4128846754395078,5.112436083502425,0
0.1998478524922428,4.189480510784285,259.1939599713446,1.3314071346311762,8.531268655328475,0
0.11630188384221768,3.853773437094653,167.2491664277138,1.1500582774835824,10.782094566529901,0
0.18313887035746246,4.258372735313476,77.94554178735905,0.9917002733194575,9.627430562441171,0
0.14670110336318187,2.606306911386114,173.9292190044368,0.1563869711936131,6.334919099363472,0
0.13586278592430093,4.967560895005009,173.7713399209185,0.776814520675437,6.437346271059633,0
0.18908792356235743,4.148014348308414,123.41094307599123,1.0197983972072224,6.975515757536103,0
0.1464875142954317,3.5515773347813107,136.93534536228174,1.5691819513472631,6.5039605657311395,0
0.09073652252828525,2.682607671506322,153.96979226311208,0.3963214773793824,5.394479321435915,0
0.24130042677400493,4.701694653308357,152.2355036348976,1.7596743749267558,7.056835438307207,0
0.2784839117252961,3.7276743962759014,109.2209687333879,1.0690582298650495,6.9011455584010575,0
0.1555634171442529,3.758201672913483,144.16232318440177,1.1914637560207808,8.886352474654231,0
0.13082812134480049,4.044308729561828,191.76442110902295,-0.5073626543645349,5.274158775513705,0
0.07903034268900093,5.333413143122092,173.88332962333646,0.3318741866836582,8.865800347717922,0
0.11153927408056921,4.17599473244254,142.64940457197906,0.21474152963460058,5.415217243772458,0
0.269265019163932,4.684108281392144,253.1392391414953,1.4138260859275746,7.655132241829525,0
0.1817921187166097,3.015011745870128,249.97412728609012,1.0709988966700166,5.09036390880749,0
0.1559284665404045,4.197891576793039,179.24308187587386,1.144726711505744,9.454115106193754,0
0.17763877046502596,6.509045271153253,164.828151809664,1.4794177338685988,8.937972321916757,0
0.23673165568162702,4.911337204833462,242.73056763814884,0.7584050296113377,12.140744539206647,0
0.17179864641513518,4.748946468062797,90.60329860534475,0.7659587772138399,6.697320917436179,0
0.14384843709382472,3.967649064880877,164.18794166593392,0.8076459684637073,6.309335026857168,0
0.2586395264899744,2.501910221722139,145.94329549514794,1.4253995546365927,7.440633905751338,0
0.13090595340235825,4.814474747858926,103.31250759890887,1.363578541788191,6.478020830903115,0
0.14623205962074493,3.478067596301189,185.9476885519393,1.0362590243961454,9.058443475991359,0
0.10132546237858722,2.868970018753708,227.98388463602856,0.19196022242760702,8.090354366989585,0
0.11179908018714807,5.255847120391646,207.27128295143382,1.5750310793779254,6.486303532457459,0
0.1849044123854464,3.537334033006367,100.0753817374935,0.6536120692695533,8.531649910417407,0
0.15424398928693872,5.40875898832323,247.40457605356323,1.134686410823968,8.680098537730748,0
0.10796465798752289,3.981706007361793,197.94086699178192,0.808597440146556,11.396482071593082,0
0.22362065816925147,3.725344982680514,117.74220348984747,0.18655711664868158,5.2025974363575305,0
0.13275551706399324,3.81622550941177,154.20829295375785,0.7258003922909881,4.590618807286383,0
0.11424147326206863,5.057317036278633,90.56638692402858,0.910216326130454,9.280697472781394,0
0.19418884330108557,4.321080308924592,125.84068244936802,1.023646653673885,7.057604922476168,0
0.1233980832310973,2.791721003427126,99.67684695752385,0.8174213500871825,7.068048112759646,0
0.19592102426167035,3.2052189732869953,88.8036327320882,1.369786388266568,3.703252319441315,0
0.06923429054831044,2.6972656412588893,215.71902892908065,1.081108889395693,10.698893936776491,0
0.10070641744692187,4.876092733632849,145.23943163385707,1.5091667641597049,6.733537327759145,0
0.20329684116125654,5.2448104505958195,186.96986962362024,0.9995632752941682,12.949669531336355,0
0.1894928579211175,4.447114935861528,117.21128056198557,0.5948942005832454,10.38197687110508,0
0.18402487634829395,4.508960346482367,179.28243571462795,0.7599951093896286,13.376986966856933,0
0.17949657422550694,4.012239921242698,211.9709070243459,1.083877189782769,12.141116535067823,0
0.2018108815184006,4.024549997452983,224.03237170140844,0.539825067571415,7.163365074559994,0
0.22862705511069265,2.8901754797027626,149.0460379173662,0.9954571603106254,6.40779581633171,0
0.2414699107207661,4.173849200100083,126.07971479168037,0.5898916266415636,7.024398938108536,0
0.22899382993708395,5.289150103623795,171.1050779538599,1.5318589702353202,9.592256013471536,0
0.260162438628887,2.8544922899208354,161.29199835140656,0.5767466851066281,12.617667002204389,0
0.21597591133417138,4.3598861026137845,144.11133531400836,0.8604128655784364,7.557377376213059,0
0.15271022274644264,2.9902489824237346,136.42507999118828,0.3817292200502099,6.1033845982060395,0
0.14096304488822653,3.281987445857604,148.5064538547855,0.3007179352909777,8.823491952572388,0
0.1886389218550089,4.950257248162379,142.03177272793405,1.1747879048062757,8.391212682734865,0
0.03747608504152532,4.6081646982755515,137.94624908047052,1.3900132934520038,8.947268314936696,0
0.19753260488450894,3.7326922149414186,76.54309793390432,1.1865916072010583,7.141663491729684,0
0.1290465013099012,4.2313170474494965,209.3962104902759,0.8614608001655047,4.9192495789671735,0
0.15642734825907367,4.247089874829115,161.3488288538461,1.7758072685010076,10.799848886079344,0
0.17579961165175378,5.280698289957243,168.0698624705326,1.1474947638549677,8.07353380797396,0
0.18864395580661728,3.063378105151786,135.6284216350687,0.5609311949499496,6.464938626764336,0
0.12535243624435655,2.895846889896686,124.32920339611016,0.9450500169829736,12.451463516897606,0
0.1438058408766586,4.563166064248496,109.65610219330054,1.2337357162351157,9.44475670453211,0
0.1935426831485063,4.095865986122919,88.68399619206231,1.308651594567571,7.212712355924509,0
0.21721372817454027,1.8993102167888436,184.30636979731193,0.7970688768040076,9.573277757175418,1
0.2464982762286055,3.6165062701215342,249.35752085251377,0.41230575151719384,10.835733652167072,0
0.08510011000463316,5.762436668942939,188.34147361376907,1.6174017786376838,7.098326070782186,0
0.09574517761781273,3.99445852021096,159.64389136849675,0.3032098540413185,5.191649142417261,0
0.09714947171290081,3.8991170650227764,132.92125734720108,0.7481947977588742,11.705794841653452,0
0.10304685045959933,5.2736986891626465,81.48413226449075,0.3206139040782884,11.056289102766069,0
0.08788051661613096,4.405334266529085,103.52939933068471,1.5947683153833192,9.320317495354264,0
0.2715763849325585,3.941147373542291,100.53009554773337,0.5998679495004428,6.1051719253349805,0
0.1523069073491578,5.400361609189362,124.83756600904341,1.4062303829752425,5.116584249508765,0
0.09133115953287292,4.781704122665116,81.78886217446193,1.6890428243028413,5.930924473837139,0
0.18412501697331624,4.5254996448780105,194.9392666231239,0.18557073738332208,7.381928176271452,0
0.21961699225249937,5.3850932442543265,158.67858893286086,0.8556729320858514,5.213871877436858,0
0.30856374910891093,2.9432214631465117,265.6924925190799,0.46987992826400204,7.9947421544761745,0
0.22654428613929767,3.440241808116687,164.95684473321316,0.8801489623849087,8.545486547855461,0
0.12781934321810873,4.20272758724073,122.84585100962906,0.8148072506136383,4.888316119251552,0
0.25772417132461845,3.857472377018731,142.85941471311253,1.320925436804589,6.517743883645064,0
0.09832041360037852,3.828460687415769,168.46055410847896,1.296228819986275,7.301832443450376,0
0.1721878332686583,3.6283972012328634,36.41048760424441,1.0061830649279015,5.40129429166632,0
0.17845189823675034,4.870425832619889,35.939489312588464,1.136685829561249,9.378963167997052,0
0.20582217399459762,4.0443222877224025,99.28955429105854,1.4130192006373234,9.213263597732393,0
0.15165787389099572,4.740815280102288,225.78718069754035,2.0617233443804315,8.558613656487024,0
0.05770428175785319,3.337590945700859,107.8800682298801,1.4363585177931117,4.969715842545629,0
0.14042449942671636,4.260048679054696,84.7759012852142,1.0851589216775306,7.080763711566358,0
0.13408414346162636,2.8919839072286644,135.48708728851938,1.4445070139222167,7.223895662982101,0
0.1577430470045465,3.8405500345453936,195.26891436022248,0.39827463729671764,6.189740155336493,0
0.16102098202534162,4.576318530244925,99.48942157530911,0.9538575971279158,7.666330012708217,0
0.15406070606860303,4.024027687297537,166.5041914758105,1.3835827057813688,8.026479396758312,0
0.08869988141793037,4.403714042578574,150.16603483206694,1.1775281655621144,8.212000030843264,0
0.1313895447886605,3.7657007283483868,222.46762942307058,0.37750957823785614,9.773105801062473,0
0.13422169915289325,4.57904067108959,104.57251811313482,0.31347618900855756,6.625185416662234,0
0.06845421860962433,4.9144154127609205,131.81110129819302,1.9901144620474849,11.910080804662861,0
0.16202479079744084,3.282630346271454,74.34082311355304,0.8017337300041096,6.629433886413215,0
0.18075724084600187,2.3746099568972903,229.22803604415924,0.8824493481545924,5.535829624109153,0
0.11995765184627447,3.29238855500678,226.09585391843558,0.8568787933111308,6.845156985730648,0
0.10170795909769154,4.681185943693444,185.0385852081139,0.8442088873505615,8.112178918348864,0
0.15493635445658804,4.784879915251042,237.85481447533405,1.3901159598968236,9.21186762986663,0
0.19891278392024575,4.168621113615235,160.76446797067297,1.523387894462798,6.767421438035776,0
0.10245370933705487,2.9168165350111144,214.7491100146391,0.4261202547211945,9.641009802631352,0
0.21794048190402732,4.892862737223264,118.22105467018571,1.0707244661142663,6.752758071064662,0
0.04165759802265265,4.618803787762682,123.16320280921003,1.930487547448812,3.159251080213055,0
0.1430824930265344,3.180797386030088,138.77306216065247,0.20850988344068644,9.184637986356606,0
0.2282959024724195,2.4797300089419902,191.6508494140078,1.3957867541265039,6.2886429291772945,0
0.04831109847477265,3.930256162188664,169.02245635332173,1.760396252168226,11.026580098790307,0
0.14803158833708938,4.054932242026357,128.8154429223925,0.7585184463475686,12.584172922555403,0
0.1560742043496425,5.579121922978247,81.2144931080015,1.5892073432524285,8.790062336146685,0
0.16860129071515154,2.8305926309945377,93.65753618799235,1.3344279909813714,9.273845772098175,0
0.14983587890955005,2.8336676347267407,121.21156906703413,0.9895436900218159,5.866536148566677,0
0.25084047459087916,5.263265999865975,175.13206378016503,0.49743690154492004,4.9088708211493834,0
0.1813797489115055,4.623797058096851,187.62757705858525,1.2252032755198465,10.378905476497149,0
0.17517545141893529,5.128519647337305,226.66781897103692,0.9095309617880407,8.05617466744018,0
0.18927894162902809,3.7741778133492763,165.3961116456176,0.7757060269405334,11.18859731863917,0
0.15657841208428408,3.5506518422099367,191.14703384200223,0.8066874721498688,10.119475810189002,0
0.14218135643250313,3.551538612120208,198.171103489377,1.3976389831219835,11.612176463571558,0
0.18420954638715645,3.8991567951839707,247.06350032117257,0.98766374768488,7.985890755647787,0
0.14209379984175463,3.4756497937512787,135.54140485257622,1.2924939015853114,9.890503936233317,0
0.1369399628937523,4.891399365587509,109.51414274593226,0.9564170971030561,6.047986077339785,0
0.23329504173961757,3.958036368443776,206.91777074600162,-0.001579548404586406,6.961704980861846,0
0.20892528124637225,2.587623468820123,120.39197587540495,1.5679014002710125,5.9899730243576315,0
0.23166428939504752,3.2650654182691152,177.39214874356344,0.8655950685603623,4.830316577770162,0
0.09543951316156726,4.5556239595656685,150.3731180647433,0.6285064908904139,6.511104345629938,0
0.22324804772931306,2.4968349983226847,163.12007285284633,1.3572168100075586,6.097302320308076,0
0.1368376062065921,3.7811303952060746,224.3424235534844,1.425775220488184,9.725105742333355,0
0.17246439159138527,3.588645343423883,149.12479048945977,1.3568779634472496,10.207351975865722,0
0.1779436983040544,4.280871827803267,59.37916214253424,1.5955356578038633,6.292156825568658,0
0.14083602601469453,4.128257271409206,192.3745724146195,1.1919148046033632,7.012434982002669,0
0.15884374644025456,4.952385035669547,102.2019925628606,1.2693788047756165,7.610793203621695,0
0.10549187262812385,6.729828357020271,163.5434799048025,0.2397784073020176,8.856142073262724,0
0.07864413098162389,5.480388651537829,152.07473226825806,1.1349477843515083,9.363950621457791,0
0.21605967740983095,5.200288677282614,179.61663655299645,1.5113476487687014,8.884388377493018,0
0.10605007685151882,4.149635003029557,96.89179182764966,0.6770673206805369,10.913462393294342,0
0.08517822152765907,4.306607762481841,192.7421998534719,1.2944131830647043,7.259413550266752,0
0.21206256868404533,4.725002838714403,137.52715809296905,0.9451966638219688,10.043408408711368,0
0.1286039819104209,5.663378141343041,154.0648204577941,0.9965155538471866,8.096384135532043,0
0.06940302815850233,4.1101826037157,157.4133511537942,1.0350816840386656,6.42820522720568,0
0.2363017570811506,4.486857191632248,170.22624718841502,0.36490942183691344,9.09438937098515,0
0.083749944021098,4.472346566464212,90.14073854415705,0.5991858588872905,7.95762702845622,0
0.11803896697181468,3.26426966673688,218.76547428054997,1.1492611193873905,5.463861481481526,0
0.14172742070350652,4.095128786506609,96.5839772509696,1.3288758356051393,5.550103607181131,0
0.18266046069991482,5.067340622128547,110.89087991544561,1.1270218309401145,11.11889708832699,0
0.11936997304232867,4.059372103723029,140.1690217164923,0.8113289080882256,9.722341869023758,0
0.1300094836089336,4.096917446590947,97.75059071524805,0.7096845610579496,6.138855417560237,0
0.1118639090046278,3.668799594339856,149.54793190961394,1.2192989184430592,10.385642825377188,0
0.10342467705332267,5.178821212712089,159.86668748952812,0.15689524767377405,5.055683940179765,0
0.14448551609900268,3.940620898636175,226.46375062257778,0.4298497055781577,5.929194504488217,0
0.17469359743572152,4.188087269063258,111.38522355510779,2.7728312767374588,5.290820053837612,0
0.11626069889482021,5.130331403587206,123.52464672374325,1.0346510190863492,6.3010695041453095,0
0.15596294942720249,2.2413164003731003,127.0330305952339,0.5264055193014059,5.925690115248076,0
0.15373818553382085,3.812260791416464,102.91096075887965,1.37771633873335,9.990465127800874,0
0.2585092412381018,4.251087237388371,207.097483632061,0.5275926484160195,4.659081560155652,0
0.07836001756897719,5.0424175713255455,197.63024113318778,0.26381589213517165,10.007160115944076,0
0.16302499311460988,3.9929939213716583,169.17927257986833,0.6896184714352813,6.488443508897563,0
0.15953206776853313,5.530910218292897,182.828148649661,0.48505793718504175,6.764086398294384,0
0.16818718068371596,2.803166471247706,118.04877374923612,0.16551087507244266,7.206770479324979,0
0.20054889301037515,2.284458504869959,214.51874639968082,0.6634758139296565,4.822754968330498,0
0.23394260025768693,4.6550650641355595,151.36422176283523,0.6867857855067636,6.329588860946384,0
0.2024873243709529,3.9730682484347226,99.47177265121348,0.8214110407779567,7.680602366372869,0
0.19889747451441023,4.885002857108397,136.57166094895422,0.602476899935656,8.15030491475085,0
0.22764442099969498,2.8999868132167865,193.10200024413132,1.6593819508139833,9.506917295199948,0
0.13130280530515837,3.2479149536560312,198.4726748359033,2.1998977768597685,7.6631841341519795,0
0.14996747630699045,3.6231415174193895,95.5275611143912,1.1531431093818627,8.684686313329049,0
0.2112842287391726,1.972573678024407,145.78277758854097,1.1337402694441774,8.86818634951466,1
0.11986014214717151,2.93084821171598,204.68795978590953,1.298876189466937,9.18384178488524,0
0.16149164552226597,7.130488109177641,195.39640697731699,1.5169200096131839,10.818923463207401,0
0.11637813809878556,3.361471096738858,148.016492009719,1.3815179413284768,9.66690617625482,0
0.09622281805373657,4.421117741412028,191.3485088965015,0.7381236810468774,8.427586467601266,0
0.15599133633374118,1.6925526550844032,201.71183563434602,1.4214500942564317,9.115558762077772,1
0.09616060253851468,4.192443367893986,198.92446406872097,1.4855507526013885,10.062661969945239,0
0.1508694891182785,1.9956559008411032,139.3321528455394,0.7077728314667914,8.86165195760847,1
0.16306764298398746,5.101962932846276,163.3164389259978,1.1748871286176452,7.722342446840144,0
0.15919318306374228,5.094252244292761,114.2933916185463,0.9117097874111321,6.487507722737682,0
0.2055515626472627,2.788675953953356,169.00514876836144,0.4909713746885527,10.737961192415774,0
0.12271494844267722,5.2387751579078685,178.50399870124042,0.6306470747087064,9.331633012151276,0
0.07861110622289451,4.197849276291836,79.01759906315745,0.6651502984491884,8.250600150574089,0
0.11942384427905647,2.5719364997880803,99.70537578029291,1.8326480623217618,9.942321651734419,0
0.1897253272984153,4.982697838016682,137.7453702276335,0.6655453143935295,6.858619687195262,0
0.1772531044176437,2.854258415171012,132.26195135533118,1.1929179956346212,9.997394173807791,0
0.18622816692175112,5.148409274758603,211.15468270018943,0.7379045568185173,8.811783998704112,0
0.20133350571106404,2.8807973912511184,188.83763042740893,1.150527596395467,4.040952823440275,0
0.10577527325005204,3.6468629806850066,152.8928525667059,1.5125433107504214,6.728377229305044,0
0.11492669146255285,4.62015700288568,150.9130817865161,0.7923782717997383,8.342798310671963,0
0.16381450578964296,3.298276372361494,119.22894636408967,0.25049550715207203,6.732958263114906,0
0.1180319672666878,4.139879243032607,198.00501434699956,1.0293645925936903,6.964691674431915,0
0.1597417780109287,5.17638283209001,127.67213209836996,1.360814255797534,6.388956018144338,0
0.19362961235683435,2.9631110125456317,178.96604251900698,1.4007796891526914,9.365123233602256,0
0.13174625430693826,2.3261915422124573,208.24116514939755,0.8959720036624721,6.062790486712627,0
0.11405807131782764,3.9582403156097383,179.69134838939135,1.7013921562398668,8.968416715105047,0
0.1908890344643804,3.7011095634974387,105.37416321765554,1.0997632335825023,6.978005325824066,0
0.12285974751008577,5.7001496366686535,124.65652995686614,0.8295105347086476,3.4347036346573807,0
0.2863437108703916,2.0016753212012253,210.26404722700977,1.9106675765113632,9.6112689925592,0
0.08731324202598888,4.6526045735866,112.8201386819411,0.20648870027158828,8.991930881598195,0
0.17038704075016306,4.293849796813125,80.8226340023049,0.8600705331084834,4.437391624328444,0
0.05934412900898976,4.559251744265236,150.21228490419074,0.45815983641191715,7.0797569331392785,0
0.1710842584450341,3.1617126713066193,142.97898139373552,1.6825174185455292,6.921638981186503,0
0.12366546039071842,3.825194253286904,152.40702530499752,1.3354322887836698,6.149033557596852,0
0.14617668062092054,5.177515978433238,224.15379776788703,0.9919463195854854,12.055770319391817,0
0.11310214609806893,3.725211759194188,124.39845512415283,0.4058046294241576,6.337304503373316,0
0.18635506676809688,6.071367659439581,175.70615672516846,0.49940417287570005,12.04510300377325,0
0.09205804654452927,2.7732791153166794,154.70226043331763,0.9822989138077424,8.873243265141564,0
0.12830836443434881,1.0522203290714258,183.9705361477856,0.6493665986880935,6.915498048140911,1
0.1565388400324141,5.9132969310569745,97.73038564540859,0.36368092989212075,8.712977492590506,0
0.23895432098972125,3.4321495042487657,98.50407100730078,1.609916079053351,6.975092322330055,0
0.08874810183038695,3.554925167892793,101.93879282229116,0.605417533373482,8.684170009876615,0
0.13781245202784237,3.285977171560249,118.90578420817192,2.0755596964578107,5.147780632150516,0
0.12467453118240136,2.81340679288991,79.52935461619661,2.0632086621727765,4.447303656576106,0
0.08484175908862927,3.958095319977559,164.09075211831163,0.9104494327199827,5.20927914081329,0
0.12714605022894035,4.995522511455926,298.4918049494313,0.013489557935051799,9.291042579001408,0
0.07003423360477247,4.778375414659923,126.15966475854576,1.7267283142946812,8.723899652750166,0
0.18239403052742603,3.9686290208731383,186.0738102326927,0.952302873941842,7.911749353338419,0
0.11486579222893523,4.212411606502858,145.8467059832663,0.823485644050121,6.601354516914938,0
0.13868462730433637,5.562430256096721,159.42254399413568,0.808338313246243,8.12594881664138,0
0.1610037743881469,5.127227518374581,137.67564952824148,0.29376595096377534,6.31778990745441,0
0.0926026022976354,2.1091781303451667,120.12417181860596,0.04191166827683113,11.88177024472746,0
0.040107796745167346,4.465187008778834,81.35101665797332,0.4193857843157319,11.100975161782717,0
0.15489225875896784,7.385658008498542,165.74715375323947,1.1365174619947476,7.1056641630760025,0
0.1743773075872214,3.9895833198039696,190.49293115724515,1.8732504178949365,10.257813495443246,0
0.11063920752808062,5.257997064187335,100.83542126794791,1.0077473842675113,7.797952429697594,0
0.13157063685695577,3.4290312213782856,136.42992556383484,1.0119597032797008,8.464957120772779,0
0.2310158048643703,4.8743041570360806,89.96755886369267,1.3113873595722936,6.746128613386649,0
0.2004923590557437,4.34477475103501,145.18181264138346,1.2609925137829197,7.6061981112734625,0
0.14417562483643878,4.402377101291504,245.07489968316924,0.9055402623056723,6.143545873498242,0
0.1760192309511042,5.453949369161399,129.3125666710979,0.6381588025899365,9.068982536217717,0
0.20726079256397137,4.3071474850754035,135.01721791935213,1.6257257126239186,3.5949310762384465,0
0.06601555318273115,3.649616395399537,213.4190247055085,1.4382051520048422,6.713553519918193,0
0.18957886212555425,6.071764920730827,170.37195736423487,1.013904325213611,5.364270250346383,0
0.1128488161478699,4.682625647636552,163.91043540667215,0.8706554601399166,5.780685813717013,0
0.20232793378637928,3.8153154184094977,184.0594390410634,0.7595938875355412,3.219244056745585,0
0.20642010020141122,3.6670782627182863,81.13211612332448,0.3918895186253136,4.131914093878903,0
0.13929205158804828,3.38102089006705,196.0256534118773,1.5128329380088612,9.212330849756892,0
0.19963568586023975,4.587095918624971,52.25915517125421,1.34688745050969,9.459685520994096,0
0.13607947249201108,4.686683029536367,133.55897247761612,-0.05008599633351585,11.697740085208114,0
0.10409618248889745,2.666246113950457,77.99639900472735,1.3865803000805275,7.8476966215172625,0
0.16187991093356377,4.0363843895082105,90.47635427961742,0.5476703087637953,9.200204639302932,0
0.09347089842483272,3.818071443501295,221.98601974296014,1.4460989681607188,12.509907460694626,0
0.17584553828501298,3.1522834710552847,186.57088524755167,1.1910894817103737,9.834895752327691,0
0.13238121690601,3.5843128179682973,156.954291980026,0.824636151766089,11.934123720810248,0
0.1328988573157872,5.100239147201977,249.62491844934303,2.0192531814012398,6.334138219576637,0
0.15769726589492727,4.98777726442188,130.29307181243726,0.2405690283498918,7.441420809318624,0
0.16701607920548522,6.746423978371958,243.04910800505175,1.0286616810639857,9.225081831896738,0
0.14572840063482456,4.86966049760834,248.6065828114833,0.29239964622892056,9.03830436769991,0
0.11308279742902119,3.809884161000415,273.82897311566256,1.3859649881205751,7.065862471472379,0
0.11581011531203013,5.7319771349267015,120.5687160555447,1.439591283710811,6.69023879582592,0
0.12425696410836301,4.378885740901406,115.21039002824938,0.7815806959107603,5.432748732081402,0
0.12000698073310816,3.9370307357491567,113.61174597198487,0.8260612213808981,7.565320125024316,0
0.1145125029403148,5.324729161966351,48.344440672808986,0.8571317460849353,8.599929699558414,0
0.1388355858125024,5.748991810072047,80.51966532289416,0.5648430889573344,7.268922020712521,0
0.18987834887443839,4.523484276359736,207.73352068635683,1.2911277016336569,11.115975173711178,0
0.14783144285809496,3.9798968087784803,184.11991545266378,0.6949618951271226,5.114273893914362,0
0.20225189068137756,3.0229662860997104,155.97901068493314,0.00437385706537452,10.148680825079907,0
0.19615265956690808,4.610088111159679,114.44859540106975,0.8588054306017489,6.695254118974431,0
0.13530290729490402,3.9520192773739584,165.78169555368788,0.6263277548891755,9.100945266916437,0
0.08166500352140399,5.3144029870000615,163.21550844351825,0.7980062590860615,6.4069375495255985,0
0.09567474825387608,3.9703936266702367,159.9925803790276,0.012956238893539473,9.705120436584204,0
0.14803735329116333,2.4834103653987962,148.9770440486771,1.169962424889774,8.221276496033086,0
0.17724332147558847,2.3939243832912913,124.20574930600294,0.9021742924636196,9.65016681186085,0
0.1545715003452003,4.515436882316547,171.94094820233755,1.8107047153129248,7.4515736651735,0
0.06420278969168042,4.695305852867224,164.480421303401,0.8556335928116944,9.136318801437632,0
0.13780686300961767,5.808029138148532,104.28371951361095,0.4379836905653103,7.7542042873804755,0
0.20005930426548385,4.782172696439031,118.94530188181113,1.9283230192955667,6.214808435912061,0
0.1587598375057464,3.263631670743167,106.44799245616244,1.4874376862040186,7.651597691554369,0
0.07421905633511985,4.693549965645504,244.3036515459072,1.245416888461812,8.906510314299553,0
0.1420134489626168,4.637291160509919,102.07889822638353,0.7998048947188635,11.348732530886071,0
0.14894531104747546,5.300137304504775,190.43676859528966,0.9125760895172623,8.305266750017573,0
0.07990545104279255,4.428675298884458,190.27400210782474,0.7181238492028811,13.256111522533754,0
0.13642562235907846,6.012429046875409,204.38007291461454,1.5230290394116166,6.841745159102169,0
0.22691918583258391,6.01527510479456,178.672690776399,0.6002142827037567,7.762016805269929,0
0.1730730601532562,1.6033905452481823,131.87564799932196,0.7486388691704882,5.880049449581282,1
0.08376240937337824,2.837728021469604,189.31832032007483,1.7958234009323744,8.868180942726237,0
0.12340819498084034,3.6427385857243793,192.61555116523007,-0.18617841061620477,8.662609516604647,0
0.11222744505183183,3.687135108884791,216.375234378656,2.0941674200691907,8.719596097172092,0
0.1818523224135284,4.597671082248133,152.17887752892327,0.08066983079317391,10.301832880051,0
0.10622179717984853,3.5961270160159406,95.34653067573656,1.4188657221669225,6.193601354333515,0
0.15881566495720956,3.5927849419748186,158.14469182823476,0.638739194654064,5.718762219755055,0
0.12822707045293227,5.579313140400669,72.47296609155593,-0.07432063872609684,5.723667874771684,0
0.16727005962289246,5.333122638851174,194.80612054556224,0.8800653844077081,5.902066035647169,0
0.17948443535702024,4.440367421793038,167.00011144046618,1.258604401662323,7.804618632975595,0
0.10818970810810691,4.040474651010232,147.7492460229441,0.998505514814989,6.745039491828068,0
0.10228319987150417,3.499051166105833,157.0388571265341,0.7484744809948269,9.839070938044753,0
0.07805972995822744,3.8206940495158954,162.18816493887405,1.4570518114532565,7.401341035414213,0
0.10396121276448014,3.7304937209139806,134.03043930601018,0.8934536581261173,10.20221628930961,0
0.06912073684157165,3.7295234872081395,150.78568844249187,0.7557986500622478,2.2428006128432703,0
0.06652732849460738,2.5788244844782797,103.81029774580925,1.2677999646021982,7.793797569661167,0
0.20416821710970445,3.402121803124392,173.51194717196714,0.9430190695559295,8.190607809626318,0
0.19965835651483982,4.632718649531668,214.75191610209032,1.4920065868435128,9.80817188803827,0
0.10403413810614665,3.8675896939046024,133.28665152091898,0.7771356557915757,6.226233378296202,0
0.15466410665315394,4.609003394520268,231.158706697391,1.0664000909410818,6.327512270750846,0
0.07376169837305013,5.145182114216254,84.75089278073294,0.7999079540918612,7.3712354775354045,0
0.12424853341904316,2.2571685188615938,157.1442640782702,0.893130844446233,6.799148481549891,0
0.16408960869538092,3.1016692276112745,88.96515396037239,0.40683657529525263,9.78254956224216,0
0.1202614975708838,3.143304716868874,149.4712787933857,-0.13404928073937583,8.306488228146788,0
0.12200209248845947,4.331535472515597,143.9972102957123,0.6368629789022431,5.834575556912904,0
0.1757940958441093,3.334155346835939,127.58021635032941,1.8655564773615883,6.273729191456428,0
0.20399400467136958,4.188850310500849,161.84956384169428,0.9601094070388225,8.935383544762164,0
0.11950519313074447,3.873090761262018,124.88734448682219,1.3684391252780692,7.503498503287482,0
0.12351973168129911,2.6784189431899987,120.05389773110873,0.8631692595672058,10.105717324078583,0
0.14001449226713536,4.2589536283124385,125.18215285201418,0.8498119755330887,5.1330022727732,0
0.19091134571313287,6.285212487382282,100.3750406895289,1.6615976640933083,7.627214493543675,0
0.1909724534416616,3.4249500903149412,220.5775109968189,1.0375649371638251,7.746789844273661,0
0.09035129209485235,4.286185133382408,211.08648992323998,1.287019989747441,6.143944132534516,0
0.17390936056933937,4.293655148619624,92.17037885439545,0.9001356814197939,8.161825760984946,0
0.08223632553225627,2.745915449210417,77.0293725040302,1.4059350230164998,9.026804583465825,0
0.14422346738703204,4.26729929808383,105.3425830895554,0.2942837816460745,7.993787179306135,0
0.1315115474625433,3.6764989602014957,199.5579008787431,1.226550546011556,10.332261975919131,0
0.041504872563516176,5.523534121648655,121.98647837106137,1.0282703783898894,8.17851661982757,0
0.16343761370533516,3.683237895417301,126.62181428581732,0.5110887007638016,5.76897260627037,0
0.09249390905958184,4.699739260351148,178.38946097682583,0.4044905715963629,5.33863451247615,0
0.19149302269631,3.9718498121692623,41.51654311766677,0.973145829124465,9.401981451092421,0
0.1292506593344681,4.6753371069668965,216.52949082049486,1.6217693683986516,7.863560067877865,0
0.20245124880523097,4.658265713779895,118.54402247525668,1.049260090905215,1.7648096818879502,0
0.21643122095440487,3.491528029991034,164.68749292281703,0.37301414228015695,6.012451936977755,0
0.1549839440256798,2.346193429935358,69.06443259123391,1.5616614907998965,12.051996178015944,0
0.2251231075476278,3.512157460117423,103.22454294102852,0.84728633653652,8.4484326242814,0
-0.02191106435841908,4.655540287658368,197.02890898508957,1.2377834909728456,7.115689810101321,0
0.14466990089759407,4.089701317693485,193.14430801792906,1.1732571755363597,5.487988466237044,0
0.13977829690713126,4.112258120605679,60.151114908157666,1.66148388993571,9.634632850537496,0
0.09118680613919325,3.4146706908801248,207.55823678154601,1.7459623098893737,8.922939177307583,0
0.1412973186867788,4.362149290987435,161.7739532601269,0.012287893177471032,5.196839846569225,0
0.12801224215766854,4.329265972694576,229.99148079772735,0.1631568924250294,9.97212346395119,0
0.15444087537209206,3.577404828297434,186.28740290147812,0.4027293710337694,7.819293202514076,0
0.1127158778041617,6.31059474627886,183.89970582759082,0.8603400247813474,7.462438071082132,0
0.139861245499536,5.302591020028764,180.50814478991362,0.9280762776983752,6.209524581012136,0
0.12500384382645452,3.561685856765917,186.5013764009086,1.0093190142940331,7.559779909651063,0
0.19093582405476742,5.721857145103267,157.80234597840922,1.2704016004328404,8.529990046052554,0
0.10254517183574087,1.8044380578998598,141.5372150810187,1.087428049140855,5.319620156818861,1
0.1483040362518379,4.869779860326225,214.29162223853757,0.5737246840134793,6.435571122797692,0
0.11887996756946445,2.884217620330277,182.59199507167418,0.8478569384902825,6.013980346269906,0
0.1601661352759505,2.338250014468205,149.52666435301964,0.9344786280776394,8.691024833055282,0
0.1316721021385673,3.3951409169151043,152.78951186138116,1.718373360685918,7.8115032241889715,0
0.08781905535731084,2.8438823768889785,104.72514800032853,1.2176693276224884,4.324527708951026,0
0.06456122891529728,4.113942121800204,156.49978337858744,1.7903107550166948,12.12040506714735,0
0.2510439641604388,2.629209323985459,118.16978463377124,1.4917903372105838,7.48955335655676,0
0.26721309919431774,4.693500741904304,143.63411008492812,1.3381647753763979,6.202085870549842,0
0.11870688012211089,3.019953549785151,140.57521875785076,0.5425739050545104,11.242000248873746,0
0.09794143668141078,2.054807074775496,145.9256230653584,1.177442486400195,5.840026781238465,0
0.18493503569736344,5.165178738535688,166.66653506746815,0.6492751430247696,5.220010270177507,0
0.20463966015650506,3.0402954313660993,79.96074672424871,0.981777786410769,8.04131808216727,0
0.14641982915341056,3.3276591197153893,153.5483526448694,0.7824827199298304,7.104878247467781,0
0.20152003746919944,4.28954830966514,143.72335301172657,0.7935708084719176,8.49114859023534,0
0.19537181569285528,3.5749915805788137,148.25637212085226,1.3200847702084506,6.251015426885884,0
0.1398599148524164,3.8720679702315444,198.98229798579467,1.2398408376868992,8.549175232611276,0
0.2119752662591614,5.435014833165596,138.61796021138326,0.8974468080018124,7.366920017473874,0
0.18590523918371363,3.910303944764377,167.65664678558062,1.362115770550353,7.115463376330046,0
0.17549975530406173,4.006362679100147,146.2636885401986,0.6681586654905315,7.796377540006141,0
0.16931862948799253,3.3618843097312623,153.99492430352757,0.6355021145458319,5.376915663082186,0
0.17999653919954237,1.6593808934985415,185.89416105574372,1.8876278324630937,9.079501584735738,1
0.14811436007866713,3.9602580328847528,174.77784542068275,1.6284850450969843,10.02743470725249,0
0.20554567111266314,3.563270238701218,122.43481670970267,1.18118877091183,10.199832315204494,0
0.1328232603755853,2.658882947784957,176.43902723727706,1.5521540153731879,4.651400086928058,0
0.16287093354066692,4.540332560646134,96.54104280173422,0.8708381021711806,7.722673565579333,0
0.16811124401888017,3.350225207341861,155.27068098522489,1.3118880684548677,7.344509737727423,0
0.10371600931076719,4.7896138285277825,79.70603222841194,1.2484223232565994,11.937273943810567,0
0.21130049809687823,2.625305099872038,154.1882978696873,0.7883621233862633,8.595464478548081,0
0.15164835188327594,3.030873310410379,139.14072414050312,1.079763743471259,7.672288422834242,0
0.09449187252107968,5.348033675594621,135.2689296814705,0.9176192973376593,8.029195211525938,0
0.20322829018255908,4.854585466435203,198.81701012727495,0.774362968739793,6.716865720410995,0
0.09325525601169482,4.245187120518471,110.2028143087941,1.0161489085742341,8.705433376344851,0
0.1314962211558668,3.816184618113047,204.9006437996281,1.3975249761590285,9.179007204778634,0
0.07906135020727895,4.433127161214414,69.85088328582573,1.6270668476189434,4.889078008428264,0
0.15934883766931882,3.6994219406349638,141.13051121603988,0.5353914696455915,6.8699392557242875,0
0.1181962729760841,2.4644253450766587,153.48691083340503,0.6025751858270658,6.795966387320853,0
0.24285169695011272,4.175525588251883,186.9919083411864,0.099889493774866,6.45494283113538,0
0.1512449946191625,2.6691782351882947,128.15014642149237,-0.2606451297531931,11.951720283805065,0
0.17577780824957367,4.085606640908151,188.16941263564948,1.3360322577432389,9.178269284507783,0
0.15086337890207213,4.345627044301763,88.77695063123338,0.5261523377135526,8.182269280788875,0
0.08120291146914023,3.3550042711107544,155.44108996261076,1.734500525879821,10.380834571836305,0
0.20191592299625583,3.0357957001508695,167.21245878733822,0.2386903322519589,10.180556283192463,0
0.1969545257764051,2.1424098548448907,179.79311501422626,1.0458407990951433,9.436504006369702,0
0.1388595725868287,5.136072684799656,210.52952178993965,0.8914117361686884,6.983201382638779,0
0.18383896850712728,3.6055083361621922,77.43922573831878,2.446480715522913,10.513621927719122,0
0.09591906821820403,5.000666938528861,180.09119346616072,0.6138245014520334,5.750272820302175,0
0.1977396768707747,3.6486324159686485,175.47660409960815,1.6599675067498487,5.73854486260404,0
0.147946186093421,5.2474800188575745,243.86847995800173,0.7403205134981088,8.804877310049282,0
0.11793498160986222,3.087897392518065,159.63040780435674,1.3618624948944356,8.255949726203506,0
0.14626219740725852,3.6630225914097685,160.8761691380903,0.31592733747724766,6.752303674964414,0
0.1956927745811673,5.158642322091969,198.12187920032113,-0.11917517029768154,7.423012298483026,0
0.1698235455779483,4.414438280960062,223.3963158120893,0.708748039350594,6.756289600084765,0
0.25551052239511596,6.46070507442597,184.3042226912888,0.6388175967776393,6.356988773602264,0
0.09950259274545832,3.250384400242058,232.86152671933428,0.6935016271632203,9.176938721878233,0
0.22600946111600057,4.372012547152711,171.2818521843775,-0.1875295348411552,11.412598934892689,0
0.21484519690337206,3.6273371523141402,187.30249326743214,1.317002159646543,6.485939020980963,0
0.08224449922818682,5.706003269560668,297.8821752404881,1.803433619634283,3.8744350344738887,0
0.2199643362577169,5.2063188888915235,62.54624464008596,1.5065514765834351,9.604880250988764,0
0.17291807518460695,5.668779377895978,211.4020436307687,1.9201060654053799,7.999030117269318,0
0.217852682206032,4.674676244114453,162.33075111933942,1.0792527416365914,11.80809913426911,0
0.16421805884573748,4.746930776197223,219.7085962226214,0.4843397558839777,6.837264319963771,0
0.1426141527775704,4.748470034822705,147.39489321621303,0.7575721236367677,3.724445551178629,0
0.1282986361023618,5.142483497624941,95.59013759850474,0.09001706416124822,5.252889252094782,0
0.1911699150045403,2.5047557168704135,166.8893506019063,0.45956389990679913,5.891566434013841,0
0.14196822544520843,2.1493656936800805,84.46864432601873,1.6809986828433736,4.271151751816447,0
0.18922972221287615,4.5865429199625884,175.0491090853382,1.1303270136502535,10.580131652120194,0
0.11867295154919338,3.3095831560404747,145.9364160982067,1.4371580691362138,3.1344734782809276,0
0.14547965994519102,4.4199827990939236,157.57235686794613,0.9032362494586701,7.324419871596024,0
0.1553207187231736,3.8652955556150252,157.41794515025774,2.008008792811853,7.118005705595951,0
0.1225931946429216,4.145663930671959,175.43719103175255,0.7477035886838506,7.152158713299688,0
0.18568147695271683,3.3658097244881695,100.4221005409845,1.2965065399401476,5.922014107480788,0
0.1386614155894084,4.537011600100624,190.1834655928516,0.9111955751047203,9.017917462431972,0
0.1715089024608198,4.257084482440543,202.52797783039026,1.2079972235164769,10.609158060723717,0
0.12808144527562465,3.409267387588123,124.75834766277202,0.9409506118609323,6.207147495020266,0
0.10649266916586433,4.488088491741319,143.4065856744456,1.1141882367087792,7.318331549101381,0
0.15337763364409113,3.502112016905236,112.27795220120936,0.9435899522754275,8.232998047618956,0
0.11771364645256271,3.1173486309385785,160.6362656308347,0.5258384739906329,10.664085806686344,0
0.19245391597665193,3.6731802705343584,132.58562533989726,1.0419990881856136,8.872320630667737,0
0.21097547280449916,4.66927582226507,80.68557650764768,1.6128295901940568,9.440044010312599,0
0.19335343953465375,3.396101972615557,112.51198059894861,0.5305571597022642,7.385391821746798,0
0.19561628640824513,3.458373366423356,78.87113089200686,-0.027151199669686488,7.476601536719666,0
0.1726373974671309,3.105921591908112,141.94764325046984,1.097131538132501,8.321721553739296,0
0.15953375816418333,2.377012101184998,141.78604744827183,0.9288203846194224,8.388648158414087,0
0.2065520216600379,3.1819150635694475,170.08407316917322,1.0071461861300728,10.010039802851251,0
0.0697423170263908,3.9956987544782727,127.81184759695861,1.6869680654672634,8.463458347172388,0
0.11735103808234665,3.384812924827736,137.68588001687385,0.08468397597588861,10.265803342412958,0
0.06820804226255538,5.631437930123021,192.25201412993275,0.22017593482121933,8.016175499628897,0
0.13783505416783898,3.9197105349458266,194.053912271746,1.2164578439523885,7.75267404111329,0
0.18521912445708444,2.947213727823495,134.46239528058433,1.0709609467396477,4.957201277790103,0
0.15495546198650623,3.4893960240692055,138.97257140537602,0.6650457052734295,8.679923622658041,0
0.16998124049294705,3.807587183787179,135.246341030518,0.24586398926510955,10.271542560855023,0
0.14854103337960628,5.051859925461914,216.60453938777084,0.9239500309680669,4.276822853074061,0
0.20587544892849266,3.9316750817677115,191.2367773817422,1.199064634531042,9.872329051207943,0
0.1827654375650518,2.5329615325087507,127.5766171904362,1.077365009331121,6.070212773718228,0
0.12916309892153346,5.478419045335474,134.71813002861657,0.17495766204492047,9.11036715894165,0
0.15839917608317916,5.3815601973927265,161.0883377156759,0.3183134390476482,6.513238015593069,0
0.12514490088575925,3.7083582118442955,137.0936079928831,1.1633216669743525,5.282275158350249,0
0.12481712470267173,3.4018407982136294,143.51739314223178,0.8288997703178296,10.15223859066699,0
0.162093153932464,3.0357402701054235,136.35926780483516,1.4986116441268207,11.215098025117884,0
0.08331271137452899,3.150520978490876,132.23614499299913,1.4514366505279304,7.151788483197999,0
0.19065442834520901,4.628305415448433,232.65813185367665,0.3129462236018834,6.37813893289135,0
0.15930808690463652,3.5095130217766717,105.13022663276682,1.5587507118808412,9.015625814674207,0
0.12770649225251177,3.888102408128388,89.08279702417724,1.4160593541577988,5.87342326912699,0
0.1377610933363231,4.802110089618019,147.5454365872004,2.0663983108291233,6.5557842077937325,0
0.14727831167071978,4.035965659780817,165.8388192945202,0.8794331403671191,6.38659741812751,0
0.24467981108503964,4.807319916660689,205.28999993747993,1.4363411831078101,9.813925910451243,0
0.11381566175020627,3.5897866538636176,115.05566543663947,1.0084414603300662,11.725459872479119,0
0.09200431411451926,4.228867012966554,80.19808250640355,0.9437856245466558,4.372220245632479,0
0.16014298858335854,3.9066756788072725,109.66865946466575,1.4717928475873943,7.11360519159739,0
0.0859700062552183,5.081329814329556,184.49478213380027,1.6726627520584676,7.224548971314017,0
0.15346275021114186,5.790241731543778,109.31334618739973,0.489495490899028,5.415562474525554,0
0.24662803550838427,2.3051890309129774,96.03875384729852,1.9959423271259853,10.382918271759161,0
0.13173074267704585,4.986085075613428,130.33638839017857,1.030415328022871,4.423635054023548,0
0.1626652834438291,2.9858127585663485,141.91501304578028,0.7024568017682238,6.754637296032336,0
0.14665986961841357,3.498080699839713,216.13017747319537,0.8542982740996766,9.477223892654056,0
0.1689404271605678,2.295940536151279,70.9602967155162,0.2279240504063682,9.06996718367058,0
0.10464648574360122,5.312275682220305,278.2381925146216,1.4067876355184545,7.182329120241714,0
0.11912401933617169,3.141477453822485,84.56102048606654,0.7863593761345405,6.53735359452567,0
0.1304065302945659,3.5435854457974356,195.1283577181037,1.5852226893233614,5.6671721457902215,0
0.14583464873015106,3.696529914609773,120.31509483604188,0.499468828757042,10.140764253971922,0
0.11952589902467264,3.366128888729445,174.58266600465672,0.1907771936636361,10.69381587420361,0
0.16887888202245543,4.09689297419301,80.5268280806,0.8641082369887425,4.702353368816846,0
0.09680749799010963,5.173392729495635,114.83798423150822,0.787489673323158,13.689545666791117,0
0.1238658407037563,5.523811067468489,168.66170718090834,1.0077595418058602,10.195296763685592,0
0.15818929534539367,3.8085701342630784,95.93972121776446,1.3517085752294553,8.565352995823307,0
0.11060934624278027,4.194731265171417,157.23011873917386,0.7170106487327634,4.3922053489604,0
0.15132598883867984,3.1362724442165795,130.3657019523837,1.798098693997984,7.546691192952181,0
0.23541208775764746,4.572492744706022,240.20754500715196,1.6969846793653782,6.807779260737333,0
0.10308667772995772,2.5367381466226635,217.53630184417932,0.7564334453594201,5.478412924393048,0
0.23863970921446387,3.1511137441130344,107.6836479946753,0.5194980533364866,7.878597856671163,0
0.12063409816414464,4.845963717967112,134.9682078286839,0.868033796656051,6.445157174862002,0
0.23276955527132517,4.1065905846033655,169.1203323400938,1.002534138959851,7.473424301676737,0
0.09038179712163824,3.3704890871376394,85.88718717853018,0.9201631353443065,6.041348402476897,0
0.1719324157084089,6.387826344638312,112.9630901421759,1.472213487848612,10.315016501342914,0
0.14650193467054842,2.9805785918972,133.9162690702428,0.6792341189626794,7.810393914875952,0
0.199651790925363,3.8464399581205746,107.6729731557032,1.0084248665815687,8.020534930640007,0
0.11393069191307321,3.942528035004803,193.65168845293118,1.0366482263399217,5.696935615971702,0
0.22062234959656715,4.546269843540645,87.3611163944795,0.735286503254656,5.682495660280569,0
0.15734086896247682,3.8433467441744673,134.2777702018026,1.4786165769851292,8.445188259935971,0
0.08723978763807595,5.4537864158511224,244.16021419390427,0.9581776501826338,6.090521315893775,0
0.1308200553435612,4.46369517177732,142.68007693750081,1.1279665636924168,7.914016803110698,0
0.1574635656257346,3.8844991771614135,165.04426999165017,1.01418345304113,9.7781436824934,0
0.12576376014399052,4.77955674101467,204.38952033442067,0.34109276850255044,8.905574179700537,0
0.13259132282309694,3.6635331961846545,218.59128927960327,1.6035338730744089,7.514696023092325,0
0.17852972398407863,4.920488680980083,147.6163809875486,1.1763299333572348,5.424851553370494,0
